ci_high,ci_low,control_minus_reference_mean,control_variant,geometry_metric,identity_count,method,n_id,n_obs,reference_variant
0.0,0.0,0.0,head_target_density1,all_offset_mean_mm,20,hard,8,1,primary_full_target_density1
0.0,0.0,0.0,head_target_density1,all_offset_mean_mm,20,hard,8,4,primary_full_target_density1
0.0,0.0,0.0,head_target_density1,all_offset_mean_mm,20,hard,8,8,primary_full_target_density1
-10.810868320067723,-15.267496705452597,-12.985499366124468,head_target_density1,all_offset_mean_mm,20,adaptive,8,1,primary_full_target_density1
-9.912282369534175,-13.35383259534836,-11.664152828852336,head_target_density1,all_offset_mean_mm,20,adaptive,8,4,primary_full_target_density1
-10.000306593577067,-13.537103765010833,-11.77776346206665,head_target_density1,all_offset_mean_mm,20,adaptive,8,8,primary_full_target_density1
-6.711357063849768,-10.660873691240948,-8.718246936798096,head_target_density1,all_offset_mean_mm,20,released,8,1,primary_full_target_density1
-6.436565316120784,-9.878963387012483,-8.141097656885783,head_target_density1,all_offset_mean_mm,20,released,8,4,primary_full_target_density1
-6.680086721579234,-9.73058796564738,-8.196325588226319,head_target_density1,all_offset_mean_mm,20,released,8,8,primary_full_target_density1
0.0,0.0,0.0,head_target_density1,all_offset_mean_mm,20,hard,384,1,primary_full_target_density1
0.0,0.0,0.0,head_target_density1,all_offset_mean_mm,20,hard,384,4,primary_full_target_density1
0.0,0.0,0.0,head_target_density1,all_offset_mean_mm,20,hard,384,8,primary_full_target_density1
-10.221584918896356,-14.62699849128723,-12.566538174947105,head_target_density1,all_offset_mean_mm,20,adaptive,384,1,primary_full_target_density1
-9.911222696701685,-14.865980058113735,-12.525532881418865,head_target_density1,all_offset_mean_mm,20,adaptive,384,4,primary_full_target_density1
-9.814656544526416,-14.492834995190302,-12.287130943934125,head_target_density1,all_offset_mean_mm,20,adaptive,384,8,primary_full_target_density1
-14.704087725480399,-20.652274314562476,-17.872761042912806,head_target_density1,all_offset_mean_mm,20,released,384,1,primary_full_target_density1
-14.661311216354374,-21.159330317179364,-18.109977372487386,head_target_density1,all_offset_mean_mm,20,released,384,4,primary_full_target_density1
-14.709541736046475,-20.850989163319266,-17.951130024592082,head_target_density1,all_offset_mean_mm,20,released,384,8,primary_full_target_density1
0.0,0.0,0.0,full_target_density2,all_offset_mean_mm,20,hard,8,1,primary_full_target_density1
0.0,0.0,0.0,full_target_density2,all_offset_mean_mm,20,hard,8,4,primary_full_target_density1
0.0,0.0,0.0,full_target_density2,all_offset_mean_mm,20,hard,8,8,primary_full_target_density1
-4.195742270151775,-7.851451699733735,-5.951023483276368,full_target_density2,all_offset_mean_mm,20,adaptive,8,1,primary_full_target_density1
-4.105299033323926,-7.003318518002829,-5.577515093485515,full_target_density2,all_offset_mean_mm,20,adaptive,8,4,primary_full_target_density1
-4.216103025277457,-7.169328685601552,-5.656221199035644,full_target_density2,all_offset_mean_mm,20,adaptive,8,8,primary_full_target_density1
-2.4017331926027943,-4.665468780199687,-3.556280549367269,full_target_density2,all_offset_mean_mm,20,released,8,1,primary_full_target_density1
-2.2315002723534905,-4.034404047330221,-3.1004402796427413,full_target_density2,all_offset_mean_mm,20,released,8,4,primary_full_target_density1
-2.3250903236865996,-3.9247119931379952,-3.0759775638580322,full_target_density2,all_offset_mean_mm,20,released,8,8,primary_full_target_density1
0.0,0.0,0.0,full_target_density2,all_offset_mean_mm,20,hard,384,1,primary_full_target_density1
0.0,0.0,0.0,full_target_density2,all_offset_mean_mm,20,hard,384,4,primary_full_target_density1
0.0,0.0,0.0,full_target_density2,all_offset_mean_mm,20,hard,384,8,primary_full_target_density1
-4.595485984484355,-8.247907037734986,-6.531520080566406,full_target_density2,all_offset_mean_mm,20,adaptive,384,1,primary_full_target_density1
-4.296276107231774,-8.490050084988274,-6.540321254730223,full_target_density2,all_offset_mean_mm,20,adaptive,384,4,primary_full_target_density1
-3.999282514651617,-8.051651287873588,-6.157436672846476,full_target_density2,all_offset_mean_mm,20,adaptive,384,8,primary_full_target_density1
-7.019478248357774,-11.46745805978775,-9.361177142461141,full_target_density2,all_offset_mean_mm,20,released,384,1,primary_full_target_density1
-5.982149274349213,-10.981602880160013,-8.600924030939739,full_target_density2,all_offset_mean_mm,20,released,384,4,primary_full_target_density1
-5.817169824441274,-10.640026249090829,-8.354680061340332,full_target_density2,all_offset_mean_mm,20,released,384,8,primary_full_target_density1
0.0,0.0,0.0,head_target_density1,ears_offset_mean_mm,20,hard,8,1,primary_full_target_density1
0.0,0.0,0.0,head_target_density1,ears_offset_mean_mm,20,hard,8,4,primary_full_target_density1
0.0,0.0,0.0,head_target_density1,ears_offset_mean_mm,20,hard,8,8,primary_full_target_density1
-11.801128607591,-17.056822413603463,-14.358871730168662,head_target_density1,ears_offset_mean_mm,20,adaptive,8,1,primary_full_target_density1
-11.276945803165436,-15.105331531763078,-13.161668475468952,head_target_density1,ears_offset_mean_mm,20,adaptive,8,4,primary_full_target_density1
-11.430276619195938,-15.455380161603292,-13.398623832066855,head_target_density1,ears_offset_mean_mm,20,adaptive,8,8,primary_full_target_density1
-4.307972481648128,-8.622267149289447,-6.525256268183389,head_target_density1,ears_offset_mean_mm,20,released,8,1,primary_full_target_density1
-4.307400027116141,-7.893122061888377,-6.096501445770263,head_target_density1,ears_offset_mean_mm,20,released,8,4,primary_full_target_density1
-4.598838820457459,-7.950064854621887,-6.27066650390625,head_target_density1,ears_offset_mean_mm,20,released,8,8,primary_full_target_density1
0.0,0.0,0.0,head_target_density1,ears_offset_mean_mm,20,hard,384,1,primary_full_target_density1
0.0,0.0,0.0,head_target_density1,ears_offset_mean_mm,20,hard,384,4,primary_full_target_density1
0.0,0.0,0.0,head_target_density1,ears_offset_mean_mm,20,hard,384,8,primary_full_target_density1
-13.304516959985099,-19.614162228504817,-16.617361736297607,head_target_density1,ears_offset_mean_mm,20,adaptive,384,1,primary_full_target_density1
-13.151820264259976,-20.05416574716568,-16.69971137046814,head_target_density1,ears_offset_mean_mm,20,adaptive,384,4,primary_full_target_density1
-12.831741017500558,-19.509800440867743,-16.319804128011068,head_target_density1,ears_offset_mean_mm,20,adaptive,384,8,primary_full_target_density1
-26.713498401244482,-38.275913221836085,-32.88441987037659,head_target_density1,ears_offset_mean_mm,20,released,384,1,primary_full_target_density1
-25.984327051242197,-38.018985400994616,-32.345490280787146,head_target_density1,ears_offset_mean_mm,20,released,384,4,primary_full_target_density1
-25.898361390829088,-37.51782175898552,-31.955947049458825,head_target_density1,ears_offset_mean_mm,20,released,384,8,primary_full_target_density1
0.0,0.0,0.0,full_target_density2,ears_offset_mean_mm,20,hard,8,1,primary_full_target_density1
0.0,0.0,0.0,full_target_density2,ears_offset_mean_mm,20,hard,8,4,primary_full_target_density1
0.0,0.0,0.0,full_target_density2,ears_offset_mean_mm,20,hard,8,8,primary_full_target_density1
-5.9514292772611,-10.911321473121642,-8.359242534637454,full_target_density2,ears_offset_mean_mm,20,adaptive,8,1,primary_full_target_density1
-6.047100411256155,-10.05038046439489,-8.04266866048177,full_target_density2,ears_offset_mean_mm,20,adaptive,8,4,primary_full_target_density1
-6.32331290245056,-10.411264164050422,-8.304763301213582,full_target_density2,ears_offset_mean_mm,20,adaptive,8,8,primary_full_target_density1
-1.849270054499309,-4.439677557547885,-3.143230231602986,full_target_density2,ears_offset_mean_mm,20,released,8,1,primary_full_target_density1
-1.6212627255916598,-3.7471160531044005,-2.6599437872568763,full_target_density2,ears_offset_mean_mm,20,released,8,4,primary_full_target_density1
-1.743778211673101,-3.8068674862384797,-2.7321090539296464,full_target_density2,ears_offset_mean_mm,20,released,8,8,primary_full_target_density1
0.0,0.0,0.0,full_target_density2,ears_offset_mean_mm,20,hard,384,1,primary_full_target_density1
0.0,0.0,0.0,full_target_density2,ears_offset_mean_mm,20,hard,384,4,primary_full_target_density1
0.0,0.0,0.0,full_target_density2,ears_offset_mean_mm,20,hard,384,8,primary_full_target_density1
-8.196880187590915,-13.911622319618864,-11.173723729451499,full_target_density2,ears_offset_mean_mm,20,adaptive,384,1,primary_full_target_density1
-8.178708832263949,-14.317339486281082,-11.404312928517658,full_target_density2,ears_offset_mean_mm,20,adaptive,384,4,primary_full_target_density1
-7.707496937513352,-13.712124561071397,-10.825173219045004,full_target_density2,ears_offset_mean_mm,20,adaptive,384,8,primary_full_target_density1
-15.608667534192405,-23.565436847209934,-19.73867467244466,full_target_density2,ears_offset_mean_mm,20,released,384,1,primary_full_target_density1
-14.192615308761598,-23.18481239000956,-18.913650767008463,full_target_density2,ears_offset_mean_mm,20,released,384,4,primary_full_target_density1
-13.970230414867403,-22.506502142747244,-18.391880766550695,full_target_density2,ears_offset_mean_mm,20,released,384,8,primary_full_target_density1
0.0,0.0,0.0,head_target_density1,eye_slots_offset_mean_mm,20,hard,8,1,primary_full_target_density1
0.0,0.0,0.0,head_target_density1,eye_slots_offset_mean_mm,20,hard,8,4,primary_full_target_density1
0.0,0.0,0.0,head_target_density1,eye_slots_offset_mean_mm,20,hard,8,8,primary_full_target_density1
0.5727410797278085,-1.632301787535349,-0.4296054840087888,head_target_density1,eye_slots_offset_mean_mm,20,adaptive,8,1,primary_full_target_density1
1.9660391644636788,0.46873109340667735,1.1985954602559405,head_target_density1,eye_slots_offset_mean_mm,20,adaptive,8,4,primary_full_target_density1
1.8104508443673453,0.3882743604977927,1.0961781342824302,head_target_density1,eye_slots_offset_mean_mm,20,adaptive,8,8,primary_full_target_density1
-1.2724213743209847,-3.8055787467956548,-2.5300127983093263,head_target_density1,eye_slots_offset_mean_mm,20,released,8,1,primary_full_target_density1
-0.8423585402965548,-3.0467828794320417,-1.900617504119873,head_target_density1,eye_slots_offset_mean_mm,20,released,8,4,primary_full_target_density1
-0.9321898269653325,-2.754983938932418,-1.8178936799367265,head_target_density1,eye_slots_offset_mean_mm,20,released,8,8,primary_full_target_density1
0.0,0.0,0.0,head_target_density1,eye_slots_offset_mean_mm,20,hard,384,1,primary_full_target_density1
0.0,0.0,0.0,head_target_density1,eye_slots_offset_mean_mm,20,hard,384,4,primary_full_target_density1
0.0,0.0,0.0,head_target_density1,eye_slots_offset_mean_mm,20,hard,384,8,primary_full_target_density1
3.379205883741378,1.7856098274389902,2.595606009165446,head_target_density1,eye_slots_offset_mean_mm,20,adaptive,384,1,primary_full_target_density1
3.2178019167979555,1.4576895566781363,2.361382540067037,head_target_density1,eye_slots_offset_mean_mm,20,adaptive,384,4,primary_full_target_density1
3.224202409783999,1.6143641487757365,2.4105383634567255,head_target_density1,eye_slots_offset_mean_mm,20,adaptive,384,8,primary_full_target_density1
2.3663005344072974,0.5728228898843126,1.4742997805277507,head_target_density1,eye_slots_offset_mean_mm,20,released,384,1,primary_full_target_density1
1.435494107802709,-0.6106406358877818,0.5468557516733805,head_target_density1,eye_slots_offset_mean_mm,20,released,384,4,primary_full_target_density1
1.4891257405281066,-0.48124226053555796,0.6355490843454997,head_target_density1,eye_slots_offset_mean_mm,20,released,384,8,primary_full_target_density1
0.0,0.0,0.0,full_target_density2,eye_slots_offset_mean_mm,20,hard,8,1,primary_full_target_density1
0.0,0.0,0.0,full_target_density2,eye_slots_offset_mean_mm,20,hard,8,4,primary_full_target_density1
0.0,0.0,0.0,full_target_density2,eye_slots_offset_mean_mm,20,hard,8,8,primary_full_target_density1
1.9376781956354774,-0.7214013266563414,0.8036242167154949,full_target_density2,eye_slots_offset_mean_mm,20,adaptive,8,1,primary_full_target_density1
2.4473732161521915,0.7386624538898462,1.642657438913981,full_target_density2,eye_slots_offset_mean_mm,20,adaptive,8,4,primary_full_target_density1
2.3425069920221957,0.7192980678876247,1.6135276953379314,full_target_density2,eye_slots_offset_mean_mm,20,adaptive,8,8,primary_full_target_density1
-0.2788276684284211,-1.9682380994160973,-1.1347133000691731,full_target_density2,eye_slots_offset_mean_mm,20,released,8,1,primary_full_target_density1
-0.05037503918011965,-1.3255382212003066,-0.6552124659220374,full_target_density2,eye_slots_offset_mean_mm,20,released,8,4,primary_full_target_density1
-0.07143033425013219,-1.1103428614139548,-0.549963506062825,full_target_density2,eye_slots_offset_mean_mm,20,released,8,8,primary_full_target_density1
0.0,0.0,0.0,full_target_density2,eye_slots_offset_mean_mm,20,hard,384,1,primary_full_target_density1
0.0,0.0,0.0,full_target_density2,eye_slots_offset_mean_mm,20,hard,384,4,primary_full_target_density1
0.0,0.0,0.0,full_target_density2,eye_slots_offset_mean_mm,20,hard,384,8,primary_full_target_density1
2.9022791548569997,1.487726128498713,2.2318230470021563,full_target_density2,eye_slots_offset_mean_mm,20,adaptive,384,1,primary_full_target_density1
2.716561609506607,1.107646609346072,1.9558581749598183,full_target_density2,eye_slots_offset_mean_mm,20,adaptive,384,4,primary_full_target_density1
2.7349042864640554,1.3124374244610468,2.0610762357711794,full_target_density2,eye_slots_offset_mean_mm,20,adaptive,384,8,primary_full_target_density1
1.9409365963935845,0.8907325132687888,1.4110109806060787,full_target_density2,eye_slots_offset_mean_mm,20,released,384,1,primary_full_target_density1
2.2857246565818787,0.9260862990220391,1.6170228163401283,full_target_density2,eye_slots_offset_mean_mm,20,released,384,4,primary_full_target_density1
2.370749855836233,1.0779883690675105,1.7416234652201337,full_target_density2,eye_slots_offset_mean_mm,20,released,384,8,primary_full_target_density1
0.0,0.0,0.0,head_target_density1,face_offset_mean_mm,20,hard,8,1,primary_full_target_density1
0.0,0.0,0.0,head_target_density1,face_offset_mean_mm,20,hard,8,4,primary_full_target_density1
0.0,0.0,0.0,head_target_density1,face_offset_mean_mm,20,hard,8,8,primary_full_target_density1
-6.888901894092561,-11.578546775579452,-9.07768832842509,head_target_density1,face_offset_mean_mm,20,adaptive,8,1,primary_full_target_density1
-5.736920491854351,-9.321954026619595,-7.550107622146607,head_target_density1,face_offset_mean_mm,20,adaptive,8,4,primary_full_target_density1
-5.743810819387438,-9.293114009300865,-7.512327003479004,head_target_density1,face_offset_mean_mm,20,adaptive,8,8,primary_full_target_density1
-3.4209343643983208,-6.401541295051573,-4.906205097834269,head_target_density1,face_offset_mean_mm,20,released,8,1,primary_full_target_density1
-2.920881178379059,-5.660301787455878,-4.261853774388631,head_target_density1,face_offset_mean_mm,20,released,8,4,primary_full_target_density1
-3.0695815086364746,-5.4179689995447795,-4.211685244242351,head_target_density1,face_offset_mean_mm,20,released,8,8,primary_full_target_density1
0.0,0.0,0.0,head_target_density1,face_offset_mean_mm,20,hard,384,1,primary_full_target_density1
0.0,0.0,0.0,head_target_density1,face_offset_mean_mm,20,hard,384,4,primary_full_target_density1
0.0,0.0,0.0,head_target_density1,face_offset_mean_mm,20,hard,384,8,primary_full_target_density1
-4.563172223567964,-7.955152300198873,-6.350938447316487,head_target_density1,face_offset_mean_mm,20,adaptive,384,1,primary_full_target_density1
-4.4435867468516035,-8.173888379732766,-6.379827547073363,head_target_density1,face_offset_mean_mm,20,adaptive,384,4,primary_full_target_density1
-4.348751452763876,-7.700178674062094,-6.089946365356445,head_target_density1,face_offset_mean_mm,20,adaptive,384,8,primary_full_target_density1
-5.361038095951081,-9.028132071892422,-7.244408257802327,head_target_density1,face_offset_mean_mm,20,released,384,1,primary_full_target_density1
-5.812834157943726,-9.89934951663017,-7.90339986483256,head_target_density1,face_offset_mean_mm,20,released,384,4,primary_full_target_density1
-5.72512668410937,-9.603207950989406,-7.719280544916789,head_target_density1,face_offset_mean_mm,20,released,384,8,primary_full_target_density1
0.0,0.0,0.0,full_target_density2,face_offset_mean_mm,20,hard,8,1,primary_full_target_density1
0.0,0.0,0.0,full_target_density2,face_offset_mean_mm,20,hard,8,4,primary_full_target_density1
0.0,0.0,0.0,full_target_density2,face_offset_mean_mm,20,hard,8,8,primary_full_target_density1
-4.801221810181935,-9.752619472742081,-7.073850202560425,full_target_density2,face_offset_mean_mm,20,adaptive,8,1,primary_full_target_density1
-4.520616801977161,-8.488160744905473,-6.433214426040649,full_target_density2,face_offset_mean_mm,20,adaptive,8,4,primary_full_target_density1
-4.458308651844662,-8.355359251499175,-6.301032845179241,full_target_density2,face_offset_mean_mm,20,adaptive,8,8,primary_full_target_density1
-2.5195386226971954,-4.6618626689910885,-3.626973899205526,full_target_density2,face_offset_mean_mm,20,released,8,1,primary_full_target_density1
-2.2517749238014217,-4.074928600390752,-3.136871862411499,full_target_density2,face_offset_mean_mm,20,released,8,4,primary_full_target_density1
-2.276154927810033,-3.8510569123427065,-3.0114578564961745,full_target_density2,face_offset_mean_mm,20,released,8,8,primary_full_target_density1
0.0,0.0,0.0,full_target_density2,face_offset_mean_mm,20,hard,384,1,primary_full_target_density1
0.0,0.0,0.0,full_target_density2,face_offset_mean_mm,20,hard,384,4,primary_full_target_density1
0.0,0.0,0.0,full_target_density2,face_offset_mean_mm,20,hard,384,8,primary_full_target_density1
-3.8279268622398384,-7.25782814304034,-5.643476454416911,full_target_density2,face_offset_mean_mm,20,adaptive,384,1,primary_full_target_density1
-3.8080053404967,-7.630333424806595,-5.806127325693767,full_target_density2,face_offset_mean_mm,20,adaptive,384,4,primary_full_target_density1
-3.536565073331197,-7.13592658718427,-5.434221569697062,full_target_density2,face_offset_mean_mm,20,adaptive,384,8,primary_full_target_density1
-4.307596632639568,-7.405792880058289,-5.928493054707844,full_target_density2,face_offset_mean_mm,20,released,384,1,primary_full_target_density1
-3.6560305150349937,-7.132226500113806,-5.472002426783243,full_target_density2,face_offset_mean_mm,20,released,384,4,primary_full_target_density1
-3.4745410680770887,-6.838035746415456,-5.220967435836792,full_target_density2,face_offset_mean_mm,20,released,384,8,primary_full_target_density1
0.0,0.0,0.0,head_target_density1,neck_offset_mean_mm,20,hard,8,1,primary_full_target_density1
0.0,0.0,0.0,head_target_density1,neck_offset_mean_mm,20,hard,8,4,primary_full_target_density1
0.0,0.0,0.0,head_target_density1,neck_offset_mean_mm,20,hard,8,8,primary_full_target_density1
-59.89457622528075,-82.74178922216099,-71.34905325571695,head_target_density1,neck_offset_mean_mm,20,adaptive,8,1,primary_full_target_density1
-59.957889277935024,-80.95348717848461,-70.56917915344239,head_target_density1,neck_offset_mean_mm,20,adaptive,8,4,primary_full_target_density1
-60.128680386543266,-81.23983288685481,-70.59566389719645,head_target_density1,neck_offset_mean_mm,20,adaptive,8,8,primary_full_target_density1
-45.45453185478846,-66.68721979618071,-56.471155198415126,head_target_density1,neck_offset_mean_mm,20,released,8,1,primary_full_target_density1
-45.24243859926859,-63.788715217908226,-54.51362574895222,head_target_density1,neck_offset_mean_mm,20,released,8,4,primary_full_target_density1
-45.54131706873577,-63.43295130093892,-54.37241449356079,head_target_density1,neck_offset_mean_mm,20,released,8,8,primary_full_target_density1
0.0,0.0,0.0,head_target_density1,neck_offset_mean_mm,20,hard,384,1,primary_full_target_density1
0.0,0.0,0.0,head_target_density1,neck_offset_mean_mm,20,hard,384,4,primary_full_target_density1
0.0,0.0,0.0,head_target_density1,neck_offset_mean_mm,20,hard,384,8,primary_full_target_density1
-65.63130115032197,-90.23043656547864,-78.88679078420003,head_target_density1,neck_offset_mean_mm,20,adaptive,384,1,primary_full_target_density1
-62.87152997175853,-89.32264083703359,-76.97735252380372,head_target_density1,neck_offset_mean_mm,20,adaptive,384,4,primary_full_target_density1
-63.02229251146316,-88.5563104836146,-76.6454370498657,head_target_density1,neck_offset_mean_mm,20,adaptive,384,8,primary_full_target_density1
-70.32198579589524,-94.40338248411814,-83.60146177609762,head_target_density1,neck_offset_mean_mm,20,released,384,1,primary_full_target_density1
-68.18624923586844,-93.13714841445287,-81.36803234418234,head_target_density1,neck_offset_mean_mm,20,released,384,4,primary_full_target_density1
-69.25199575662614,-92.70825191140175,-81.5078371365865,head_target_density1,neck_offset_mean_mm,20,released,384,8,primary_full_target_density1
0.0,0.0,0.0,full_target_density2,neck_offset_mean_mm,20,hard,8,1,primary_full_target_density1
0.0,0.0,0.0,full_target_density2,neck_offset_mean_mm,20,hard,8,4,primary_full_target_density1
0.0,0.0,0.0,full_target_density2,neck_offset_mean_mm,20,hard,8,8,primary_full_target_density1
-20.32834541002909,-30.332428984642036,-25.34049657185873,full_target_density2,neck_offset_mean_mm,20,adaptive,8,1,primary_full_target_density1
-23.50988603432973,-33.309756884574895,-28.532855351765953,full_target_density2,neck_offset_mean_mm,20,adaptive,8,4,primary_full_target_density1
-24.078497169812522,-33.57139208634695,-28.892399660746257,full_target_density2,neck_offset_mean_mm,20,adaptive,8,8,primary_full_target_density1
-14.54845359325409,-21.79039955457052,-18.23253205617269,full_target_density2,neck_offset_mean_mm,20,released,8,1,primary_full_target_density1
-13.43883281548818,-19.959634567101794,-16.74191306432088,full_target_density2,neck_offset_mean_mm,20,released,8,4,primary_full_target_density1
-14.521191410223643,-21.041095761458074,-17.87648185094198,full_target_density2,neck_offset_mean_mm,20,released,8,8,primary_full_target_density1
0.0,0.0,0.0,full_target_density2,neck_offset_mean_mm,20,hard,384,1,primary_full_target_density1
0.0,0.0,0.0,full_target_density2,neck_offset_mean_mm,20,hard,384,4,primary_full_target_density1
0.0,0.0,0.0,full_target_density2,neck_offset_mean_mm,20,hard,384,8,primary_full_target_density1
-23.34546452999115,-37.18384570121765,-30.822394609451287,full_target_density2,neck_offset_mean_mm,20,adaptive,384,1,primary_full_target_density1
-19.73797311464946,-36.7310232202212,-29.137701479593915,full_target_density2,neck_offset_mean_mm,20,adaptive,384,4,primary_full_target_density1
-19.07500313520432,-36.25040915171305,-28.3677924156189,full_target_density2,neck_offset_mean_mm,20,adaptive,384,8,primary_full_target_density1
-28.916169764995576,-45.37947516123454,-37.793714380264284,full_target_density2,neck_offset_mean_mm,20,released,384,1,primary_full_target_density1
-24.184177503585815,-42.662360686461135,-34.03801342646281,full_target_density2,neck_offset_mean_mm,20,released,384,4,primary_full_target_density1
-24.687017787297567,-41.854074229399366,-33.70135780970256,full_target_density2,neck_offset_mean_mm,20,released,384,8,primary_full_target_density1
0.0,0.0,0.0,head_target_density1,oral_slots_offset_mean_mm,20,hard,8,1,primary_full_target_density1
0.0,0.0,0.0,head_target_density1,oral_slots_offset_mean_mm,20,hard,8,4,primary_full_target_density1
0.0,0.0,0.0,head_target_density1,oral_slots_offset_mean_mm,20,hard,8,8,primary_full_target_density1
-9.468485150734585,-17.142483779191966,-13.05151408513387,head_target_density1,oral_slots_offset_mean_mm,20,adaptive,8,1,primary_full_target_density1
-8.150447765986126,-14.800652511517205,-11.34838358561198,head_target_density1,oral_slots_offset_mean_mm,20,adaptive,8,4,primary_full_target_density1
-8.046388775904978,-14.45719407320023,-11.04648388226827,head_target_density1,oral_slots_offset_mean_mm,20,adaptive,8,8,primary_full_target_density1
-3.807212377389272,-6.867012346188226,-5.318182102839152,head_target_density1,oral_slots_offset_mean_mm,20,released,8,1,primary_full_target_density1
-3.5350745566686004,-6.435479104916253,-4.9080463409423825,head_target_density1,oral_slots_offset_mean_mm,20,released,8,4,primary_full_target_density1
-3.529682554801306,-6.046738084157307,-4.769790824254354,head_target_density1,oral_slots_offset_mean_mm,20,released,8,8,primary_full_target_density1
0.0,0.0,0.0,head_target_density1,oral_slots_offset_mean_mm,20,hard,384,1,primary_full_target_density1
0.0,0.0,0.0,head_target_density1,oral_slots_offset_mean_mm,20,hard,384,4,primary_full_target_density1
0.0,0.0,0.0,head_target_density1,oral_slots_offset_mean_mm,20,hard,384,8,primary_full_target_density1
-4.6901202285289765,-8.683401166995367,-6.63511775334676,head_target_density1,oral_slots_offset_mean_mm,20,adaptive,384,1,primary_full_target_density1
-4.841771371761958,-9.067254296541213,-7.016726382573447,head_target_density1,oral_slots_offset_mean_mm,20,adaptive,384,4,primary_full_target_density1
-4.685306254625321,-8.585329084793727,-6.604341506958008,head_target_density1,oral_slots_offset_mean_mm,20,adaptive,384,8,primary_full_target_density1
-6.971615672111511,-13.319126822551091,-10.038886658350627,head_target_density1,oral_slots_offset_mean_mm,20,released,384,1,primary_full_target_density1
-7.882330480813982,-14.074022981723148,-10.990748341878257,head_target_density1,oral_slots_offset_mean_mm,20,released,384,4,primary_full_target_density1
-7.811585787137352,-13.75278873006503,-10.728999932607016,head_target_density1,oral_slots_offset_mean_mm,20,released,384,8,primary_full_target_density1
0.0,0.0,0.0,full_target_density2,oral_slots_offset_mean_mm,20,hard,8,1,primary_full_target_density1
0.0,0.0,0.0,full_target_density2,oral_slots_offset_mean_mm,20,hard,8,4,primary_full_target_density1
0.0,0.0,0.0,full_target_density2,oral_slots_offset_mean_mm,20,hard,8,8,primary_full_target_density1
-6.3698565236727385,-14.221917330423992,-9.980635086695353,full_target_density2,oral_slots_offset_mean_mm,20,adaptive,8,1,primary_full_target_density1
-5.8136324747403485,-12.689131644566851,-9.070948044459026,full_target_density2,oral_slots_offset_mean_mm,20,adaptive,8,4,primary_full_target_density1
-5.581329558293029,-12.143916076024375,-8.689084672927857,full_target_density2,oral_slots_offset_mean_mm,20,adaptive,8,8,primary_full_target_density1
-2.425608639717103,-4.860873779853184,-3.599033180872599,full_target_density2,oral_slots_offset_mean_mm,20,released,8,1,primary_full_target_density1
-2.214973000685375,-4.373931914170583,-3.2480935414632164,full_target_density2,oral_slots_offset_mean_mm,20,released,8,4,primary_full_target_density1
-2.1369136377175657,-4.091954644521078,-3.0555368105570473,full_target_density2,oral_slots_offset_mean_mm,20,released,8,8,primary_full_target_density1
0.0,0.0,0.0,full_target_density2,oral_slots_offset_mean_mm,20,hard,384,1,primary_full_target_density1
0.0,0.0,0.0,full_target_density2,oral_slots_offset_mean_mm,20,hard,384,4,primary_full_target_density1
0.0,0.0,0.0,full_target_density2,oral_slots_offset_mean_mm,20,hard,384,8,primary_full_target_density1
-4.10270457069079,-8.073254516919453,-6.137722396850586,full_target_density2,oral_slots_offset_mean_mm,20,adaptive,384,1,primary_full_target_density1
-4.248494140307108,-8.482981328169505,-6.396016804377237,full_target_density2,oral_slots_offset_mean_mm,20,adaptive,384,4,primary_full_target_density1
-3.908101043303807,-7.783644866545996,-5.899562152226766,full_target_density2,oral_slots_offset_mean_mm,20,adaptive,384,8,primary_full_target_density1
-4.4305070507526425,-9.105564570824306,-6.727666171391805,full_target_density2,oral_slots_offset_mean_mm,20,released,384,1,primary_full_target_density1
-4.01194144010544,-8.7074938472112,-6.371188100179037,full_target_density2,oral_slots_offset_mean_mm,20,released,384,4,primary_full_target_density1
-3.745996411641441,-8.13757544239362,-5.942699257532756,full_target_density2,oral_slots_offset_mean_mm,20,released,384,8,primary_full_target_density1
0.0,0.0,0.0,head_target_density1,scalp_offset_mean_mm,20,hard,8,1,primary_full_target_density1
0.0,0.0,0.0,head_target_density1,scalp_offset_mean_mm,20,hard,8,4,primary_full_target_density1
0.0,0.0,0.0,head_target_density1,scalp_offset_mean_mm,20,hard,8,8,primary_full_target_density1
-16.184009754657744,-23.23974509000778,-19.654336086908977,head_target_density1,scalp_offset_mean_mm,20,adaptive,8,1,primary_full_target_density1
-14.881629284620288,-21.066821051438648,-18.049599218368527,head_target_density1,scalp_offset_mean_mm,20,adaptive,8,4,primary_full_target_density1
-15.135996112823486,-21.33719734628995,-18.250970443089802,head_target_density1,scalp_offset_mean_mm,20,adaptive,8,8,primary_full_target_density1
-9.85084353208542,-16.936882665952048,-13.512462043762207,head_target_density1,scalp_offset_mean_mm,20,released,8,1,primary_full_target_density1
-9.234248081048328,-15.26306880315145,-12.290049854914347,head_target_density1,scalp_offset_mean_mm,20,released,8,4,primary_full_target_density1
-9.848291855255763,-15.20620864947637,-12.480458132425943,head_target_density1,scalp_offset_mean_mm,20,released,8,8,primary_full_target_density1
0.0,0.0,0.0,head_target_density1,scalp_offset_mean_mm,20,hard,384,1,primary_full_target_density1
0.0,0.0,0.0,head_target_density1,scalp_offset_mean_mm,20,hard,384,4,primary_full_target_density1
0.0,0.0,0.0,head_target_density1,scalp_offset_mean_mm,20,hard,384,8,primary_full_target_density1
-25.45827557682992,-36.08307651321093,-31.0957777818044,head_target_density1,scalp_offset_mean_mm,20,adaptive,384,1,primary_full_target_density1
-24.47628650824229,-36.91626472274463,-31.090336036682125,head_target_density1,scalp_offset_mean_mm,20,adaptive,384,4,primary_full_target_density1
-24.689906578063965,-36.41865906357766,-30.819254986445106,head_target_density1,scalp_offset_mean_mm,20,adaptive,384,8,primary_full_target_density1
-28.12337390939395,-39.30329964439075,-34.24096264839172,head_target_density1,scalp_offset_mean_mm,20,released,384,1,primary_full_target_density1
-27.7769328268369,-40.140174865722656,-34.43493941624959,head_target_density1,scalp_offset_mean_mm,20,released,384,4,primary_full_target_density1
-28.0829691028595,-39.65173620382945,-34.23412486712137,head_target_density1,scalp_offset_mean_mm,20,released,384,8,primary_full_target_density1
0.0,0.0,0.0,full_target_density2,scalp_offset_mean_mm,20,hard,8,1,primary_full_target_density1
0.0,0.0,0.0,full_target_density2,scalp_offset_mean_mm,20,hard,8,4,primary_full_target_density1
0.0,0.0,0.0,full_target_density2,scalp_offset_mean_mm,20,hard,8,8,primary_full_target_density1
-3.0218649355570486,-6.616834423542023,-4.765944353739422,full_target_density2,scalp_offset_mean_mm,20,adaptive,8,1,primary_full_target_density1
-3.251888706684112,-6.401408213774365,-4.834558836619059,full_target_density2,scalp_offset_mean_mm,20,adaptive,8,4,primary_full_target_density1
-3.6341957163810727,-6.74731813510259,-5.164384492238361,full_target_density2,scalp_offset_mean_mm,20,adaptive,8,8,primary_full_target_density1
-1.9061030940214796,-4.77915500164032,-3.3827684720357256,full_target_density2,scalp_offset_mean_mm,20,released,8,1,primary_full_target_density1
-1.0454885534445428,-3.2969849344094606,-2.178146314620971,full_target_density2,scalp_offset_mean_mm,20,released,8,4,primary_full_target_density1
-1.4324925875663759,-3.5298829126358036,-2.5030870119730633,full_target_density2,scalp_offset_mean_mm,20,released,8,8,primary_full_target_density1
0.0,0.0,0.0,full_target_density2,scalp_offset_mean_mm,20,hard,384,1,primary_full_target_density1
0.0,0.0,0.0,full_target_density2,scalp_offset_mean_mm,20,hard,384,4,primary_full_target_density1
0.0,0.0,0.0,full_target_density2,scalp_offset_mean_mm,20,hard,384,8,primary_full_target_density1
2.486610141595202,-2.627799263000488,-0.14266252517700223,full_target_density2,scalp_offset_mean_mm,20,adaptive,384,1,primary_full_target_density1
3.369794390598932,-2.627606136401494,0.1995470364888515,full_target_density2,scalp_offset_mean_mm,20,adaptive,384,4,primary_full_target_density1
4.0596776672204316,-2.080496584574381,0.8559795220692953,full_target_density2,scalp_offset_mean_mm,20,adaptive,384,8,primary_full_target_density1
-5.5877761205037455,-12.21499382654826,-9.017916584014895,full_target_density2,scalp_offset_mean_mm,20,released,384,1,primary_full_target_density1
-3.5068695783615085,-11.11471120993296,-7.506598472595212,full_target_density2,scalp_offset_mean_mm,20,released,384,4,primary_full_target_density1
-3.428533917268118,-10.77720451752345,-7.310058879852295,full_target_density2,scalp_offset_mean_mm,20,released,384,8,primary_full_target_density1
