advantage_over_hard_mean,ci_high,ci_low,comparison,fraction_identities_advantage_positive,identity_count,metric,n_id,n_obs,region,seed_aggregation,seed_count
-0.024086658794877973,-0.013036115340414248,-0.03538952597265835,adaptive,0.2,20,lpips_alex_spatial,8,1,background,paired effect averaged within identity across seeds,3
-0.03313281599220098,-0.021444657793537953,-0.04497754589048062,released,0.15,20,lpips_alex_spatial,8,1,background,paired effect averaged within identity across seeds,3
-0.00305598276181934,0.003617498098013487,-0.010374050576736397,adaptive,0.55,20,lpips_alex_spatial,8,1,eyes,paired effect averaged within identity across seeds,3
-0.018493448943660278,-0.011206950747885122,-0.026372625109632918,released,0.2,20,lpips_alex_spatial,8,1,eyes,paired effect averaged within identity across seeds,3
-0.03192402913018553,-0.02050358344696444,-0.043793396536909876,adaptive,0.2,20,lpips_alex_spatial,8,1,flame_supported,paired effect averaged within identity across seeds,3
-0.05607038906047938,-0.04399906578221798,-0.06768608012138862,released,0.0,20,lpips_alex_spatial,8,1,flame_supported,paired effect averaged within identity across seeds,3
0.035684776115009184,0.06714164540599034,0.002810883938955399,adaptive,0.75,20,lpips_alex_spatial,8,1,flame_unsupported,paired effect averaged within identity across seeds,3
-0.0038524397707378477,0.025240559991864177,-0.035380701672458596,released,0.5,20,lpips_alex_spatial,8,1,flame_unsupported,paired effect averaged within identity across seeds,3
-0.00976863718250372,0.00814282685258077,-0.026557887358334167,adaptive,0.35,20,lpips_alex_spatial,8,1,foreground,paired effect averaged within identity across seeds,3
-0.038437851159711975,-0.021854528445353346,-0.05499363222138341,released,0.15,20,lpips_alex_spatial,8,1,foreground,paired effect averaged within identity across seeds,3
-0.015931994780833573,-0.002561161072674753,-0.029099572214471292,adaptive,0.25,20,lpips_alex_spatial,8,1,full_frame,paired effect averaged within identity across seeds,3
-0.035817409451905785,-0.02243365966493177,-0.049221245821936314,released,0.15,20,lpips_alex_spatial,8,1,full_frame,paired effect averaged within identity across seeds,3
-0.027448980239710662,-0.01684018682677013,-0.03828074254610886,adaptive,0.1,20,lpips_alex_spatial,8,1,oral,paired effect averaged within identity across seeds,3
-0.04328698441423653,-0.033961530031163145,-0.05246878241726897,released,0.0,20,lpips_alex_spatial,8,1,oral,paired effect averaged within identity across seeds,3
-0.021820268226330854,-0.008764160374233375,-0.035395356447929065,adaptive,0.2,20,lpips_alex_spatial,8,4,background,paired effect averaged within identity across seeds,3
-0.028014712022944654,-0.015016210101000866,-0.04182938167182111,released,0.25,20,lpips_alex_spatial,8,4,background,paired effect averaged within identity across seeds,3
-0.0047379528540372525,0.002698146447444693,-0.013568587775980953,adaptive,0.45,20,lpips_alex_spatial,8,4,eyes,paired effect averaged within identity across seeds,3
-0.014829117519262455,-0.006364037288358239,-0.02438969421876786,released,0.2,20,lpips_alex_spatial,8,4,eyes,paired effect averaged within identity across seeds,3
-0.03447724515526305,-0.02065477297633316,-0.04860709479401598,adaptive,0.2,20,lpips_alex_spatial,8,4,flame_supported,paired effect averaged within identity across seeds,3
-0.05348298587447513,-0.039926531184234185,-0.0671135424735843,released,0.1,20,lpips_alex_spatial,8,4,flame_supported,paired effect averaged within identity across seeds,3
0.03496902013716567,0.06337071303459875,0.0007956360290937211,adaptive,0.8,20,lpips_alex_spatial,8,4,flame_unsupported,paired effect averaged within identity across seeds,3
0.0005344464009796601,0.027571024166309577,-0.03069526498393932,released,0.6,20,lpips_alex_spatial,8,4,flame_unsupported,paired effect averaged within identity across seeds,3
-0.012794948627640778,0.004358015687549358,-0.032241896534637236,adaptive,0.4,20,lpips_alex_spatial,8,4,foreground,paired effect averaged within identity across seeds,3
-0.03627700309637917,-0.01891285509183726,-0.054114961472851976,released,0.2,20,lpips_alex_spatial,8,4,foreground,paired effect averaged within identity across seeds,3
-0.016576598137206616,-0.0026548590377671083,-0.0327336224601617,adaptive,0.35,20,lpips_alex_spatial,8,4,full_frame,paired effect averaged within identity across seeds,3
-0.032423654288956626,-0.01830756481028788,-0.047430037069583396,released,0.2,20,lpips_alex_spatial,8,4,full_frame,paired effect averaged within identity across seeds,3
-0.03198793394638117,-0.019599074451226547,-0.04430229993911439,adaptive,0.15,20,lpips_alex_spatial,8,4,oral,paired effect averaged within identity across seeds,3
-0.04238454016486455,-0.030405740799337,-0.05450745031133128,released,0.05,20,lpips_alex_spatial,8,4,oral,paired effect averaged within identity across seeds,3
-0.02075156441485413,-0.007479539237916285,-0.03440879417333705,adaptive,0.3,20,lpips_alex_spatial,8,8,background,paired effect averaged within identity across seeds,3
-0.024456795615890554,-0.012421345751475979,-0.038229347180390685,released,0.2,20,lpips_alex_spatial,8,8,background,paired effect averaged within identity across seeds,3
-0.002697123846149134,0.005295507733028981,-0.010846722903311987,adaptive,0.5,20,lpips_alex_spatial,8,8,eyes,paired effect averaged within identity across seeds,3
-0.010712904987903001,-0.002388315178612109,-0.019544917414591953,released,0.4,20,lpips_alex_spatial,8,8,eyes,paired effect averaged within identity across seeds,3
-0.032657957257837524,-0.018585941552961362,-0.04735627480993198,adaptive,0.2,20,lpips_alex_spatial,8,8,flame_supported,paired effect averaged within identity across seeds,3
-0.05026169485724332,-0.03760285347642742,-0.06288994344159235,released,0.1,20,lpips_alex_spatial,8,8,flame_supported,paired effect averaged within identity across seeds,3
0.038443350315235936,0.06533810888802842,0.007556783061999815,adaptive,0.8,20,lpips_alex_spatial,8,8,flame_unsupported,paired effect averaged within identity across seeds,3
0.005710967354956453,0.03181375782546718,-0.022985187057559045,released,0.65,20,lpips_alex_spatial,8,8,flame_unsupported,paired effect averaged within identity across seeds,3
-0.010150788222173435,0.006375068143985429,-0.028430213237412162,adaptive,0.45,20,lpips_alex_spatial,8,8,foreground,paired effect averaged within identity across seeds,3
-0.0321323703836225,-0.016091872457719508,-0.04931314450998595,released,0.2,20,lpips_alex_spatial,8,8,foreground,paired effect averaged within identity across seeds,3
-0.014679767662312576,-0.0005850725772577088,-0.030607437568825568,adaptive,0.4,20,lpips_alex_spatial,8,8,full_frame,paired effect averaged within identity across seeds,3
-0.028416542728225906,-0.014561023058700372,-0.043428214209807386,released,0.2,20,lpips_alex_spatial,8,8,full_frame,paired effect averaged within identity across seeds,3
-0.028763870554452804,-0.01596097078793549,-0.04155889915256795,adaptive,0.15,20,lpips_alex_spatial,8,8,oral,paired effect averaged within identity across seeds,3
-0.039269846551159684,-0.02779409159909563,-0.050863993527653105,released,0.05,20,lpips_alex_spatial,8,8,oral,paired effect averaged within identity across seeds,3
-0.020104732160975896,-0.010664205457883737,-0.030090803115435,adaptive,0.15,20,lpips_alex_spatial,32,1,background,paired effect averaged within identity across seeds,3
-0.027321175934701448,-0.017092786953643573,-0.03754650689588148,released,0.1,20,lpips_alex_spatial,32,1,background,paired effect averaged within identity across seeds,3
-0.011647452417876666,-0.0018078038902528163,-0.021137030849691395,adaptive,0.2,20,lpips_alex_spatial,32,1,eyes,paired effect averaged within identity across seeds,3
-0.021416195769083535,-0.009374997117609953,-0.03415566027568204,released,0.25,20,lpips_alex_spatial,32,1,eyes,paired effect averaged within identity across seeds,3
-0.06202725015019158,-0.05003691041026058,-0.07432104740434242,adaptive,0.0,20,lpips_alex_spatial,32,1,flame_supported,paired effect averaged within identity across seeds,3
-0.06518747397678315,-0.05238734876752188,-0.07867660765306164,released,0.0,20,lpips_alex_spatial,32,1,flame_supported,paired effect averaged within identity across seeds,3
0.026293042704797202,0.05701694068399327,-0.0070433923190716275,adaptive,0.7,20,lpips_alex_spatial,32,1,flame_unsupported,paired effect averaged within identity across seeds,3
0.029833574849217857,0.05981993986635229,-0.003783826095899564,released,0.7,20,lpips_alex_spatial,32,1,flame_unsupported,paired effect averaged within identity across seeds,3
-0.03343386085203885,-0.016445672217006047,-0.05110464317980891,adaptive,0.25,20,lpips_alex_spatial,32,1,foreground,paired effect averaged within identity across seeds,3
-0.03445751102117507,-0.0170272272192496,-0.0514272769335353,released,0.2,20,lpips_alex_spatial,32,1,foreground,paired effect averaged within identity across seeds,3
-0.026722919811934122,-0.014342206998433908,-0.040205614165890795,adaptive,0.1,20,lpips_alex_spatial,32,1,full_frame,paired effect averaged within identity across seeds,3
-0.030551402225638867,-0.018459889379801676,-0.04370363468247833,released,0.1,20,lpips_alex_spatial,32,1,full_frame,paired effect averaged within identity across seeds,3
-0.05467516501732752,-0.03984567007198244,-0.06903899872589882,adaptive,0.05,20,lpips_alex_spatial,32,1,oral,paired effect averaged within identity across seeds,3
-0.05266020143960372,-0.039011157613387755,-0.06573602074779218,released,0.05,20,lpips_alex_spatial,32,1,oral,paired effect averaged within identity across seeds,3
-0.01811887900310266,-0.009062225067552252,-0.027980883107638705,adaptive,0.25,20,lpips_alex_spatial,32,4,background,paired effect averaged within identity across seeds,3
-0.027162757003694672,-0.015990433175615285,-0.039462002962991814,released,0.15,20,lpips_alex_spatial,32,4,background,paired effect averaged within identity across seeds,3
-0.01168848601658243,-0.0013278148188240273,-0.02201444035068115,adaptive,0.2,20,lpips_alex_spatial,32,4,eyes,paired effect averaged within identity across seeds,3
-0.021402874163570583,-0.009448506635545842,-0.03425507957962057,released,0.25,20,lpips_alex_spatial,32,4,eyes,paired effect averaged within identity across seeds,3
-0.061797317820987976,-0.05037921704398404,-0.07463195210944015,adaptive,0.0,20,lpips_alex_spatial,32,4,flame_supported,paired effect averaged within identity across seeds,3
-0.06911241000995604,-0.05490650608356456,-0.0841571688570013,released,0.0,20,lpips_alex_spatial,32,4,flame_supported,paired effect averaged within identity across seeds,3
0.027020211581145724,0.05527856712207112,-0.001857615666263089,adaptive,0.65,20,lpips_alex_spatial,32,4,flame_unsupported,paired effect averaged within identity across seeds,3
0.024134214035422145,0.05461693715702886,-0.0077139362230464435,released,0.7,20,lpips_alex_spatial,32,4,flame_unsupported,paired effect averaged within identity across seeds,3
-0.0335818938012463,-0.01741441880387878,-0.04984931598564218,adaptive,0.2,20,lpips_alex_spatial,32,4,foreground,paired effect averaged within identity across seeds,3
-0.03964293635024181,-0.021260069852111062,-0.058938680362958455,released,0.2,20,lpips_alex_spatial,32,4,foreground,paired effect averaged within identity across seeds,3
-0.026095033135295893,-0.013786587620733858,-0.038958571046262394,adaptive,0.15,20,lpips_alex_spatial,32,4,full_frame,paired effect averaged within identity across seeds,3
-0.03337399778944073,-0.019286438941791363,-0.04817129821652551,released,0.2,20,lpips_alex_spatial,32,4,full_frame,paired effect averaged within identity across seeds,3
-0.05480757234407814,-0.041836058584359424,-0.06893289606331598,adaptive,0.0,20,lpips_alex_spatial,32,4,oral,paired effect averaged within identity across seeds,3
-0.05853635729682947,-0.045749260913313085,-0.07174592489975821,released,0.0,20,lpips_alex_spatial,32,4,oral,paired effect averaged within identity across seeds,3
-0.014595608958205313,-0.00547767857954097,-0.024488755612593,adaptive,0.25,20,lpips_alex_spatial,32,8,background,paired effect averaged within identity across seeds,3
-0.02276516850001933,-0.01158319356354849,-0.03448456153878194,released,0.2,20,lpips_alex_spatial,32,8,background,paired effect averaged within identity across seeds,3
-0.009871198807261443,-4.053370339951437e-05,-0.019785687440639087,adaptive,0.25,20,lpips_alex_spatial,32,8,eyes,paired effect averaged within identity across seeds,3
-0.021398600456792788,-0.010000874795529234,-0.03344941554026787,released,0.35,20,lpips_alex_spatial,32,8,eyes,paired effect averaged within identity across seeds,3
-0.05849482539029568,-0.046142306825113936,-0.07182951927600119,adaptive,0.05,20,lpips_alex_spatial,32,8,flame_supported,paired effect averaged within identity across seeds,3
-0.0665389823542719,-0.05242535381206645,-0.08117475255368901,released,0.0,20,lpips_alex_spatial,32,8,flame_supported,paired effect averaged within identity across seeds,3
0.03168935332208654,0.05978141334119825,0.0019751750063237016,adaptive,0.75,20,lpips_alex_spatial,32,8,flame_unsupported,paired effect averaged within identity across seeds,3
0.028768812039239894,0.059350488048920826,-0.0040068010099071445,released,0.75,20,lpips_alex_spatial,32,8,flame_unsupported,paired effect averaged within identity across seeds,3
-0.029102269796576062,-0.01206616826358956,-0.04574351156189416,adaptive,0.25,20,lpips_alex_spatial,32,8,foreground,paired effect averaged within identity across seeds,3
-0.03567614273569738,-0.016760421240904093,-0.05502707391356394,released,0.25,20,lpips_alex_spatial,32,8,foreground,paired effect averaged within identity across seeds,3
-0.021917518986251973,-0.009446707275006716,-0.034915388650966425,adaptive,0.2,20,lpips_alex_spatial,32,8,full_frame,paired effect averaged within identity across seeds,3
-0.029132227180324082,-0.014881484095023309,-0.043982754325195834,released,0.2,20,lpips_alex_spatial,32,8,full_frame,paired effect averaged within identity across seeds,3
-0.05246083051859156,-0.03912048549356207,-0.06645511868310802,adaptive,0.0,20,lpips_alex_spatial,32,8,oral,paired effect averaged within identity across seeds,3
-0.05651358142180605,-0.043182001687120726,-0.07031925931556819,released,0.0,20,lpips_alex_spatial,32,8,oral,paired effect averaged within identity across seeds,3
-0.006914817646814254,0.0017262260626468005,-0.015532305496359268,adaptive,0.35,20,lpips_alex_spatial,128,1,background,paired effect averaged within identity across seeds,3
-0.0194379599914963,-0.009767235935923555,-0.029833318665087375,released,0.25,20,lpips_alex_spatial,128,1,background,paired effect averaged within identity across seeds,3
-0.002064802351019422,0.007616189998000133,-0.012557699536283167,adaptive,0.55,20,lpips_alex_spatial,128,1,eyes,paired effect averaged within identity across seeds,3
-0.014340185845633468,-0.002311290751302752,-0.026654054275410816,released,0.35,20,lpips_alex_spatial,128,1,eyes,paired effect averaged within identity across seeds,3
-0.04342805484016299,-0.03053194355280143,-0.057251825851133614,adaptive,0.05,20,lpips_alex_spatial,128,1,flame_supported,paired effect averaged within identity across seeds,3
-0.05268109155062813,-0.04021717041995774,-0.06507549182045401,released,0.05,20,lpips_alex_spatial,128,1,flame_supported,paired effect averaged within identity across seeds,3
0.04568237768615985,0.06977327655461085,0.0203884531502242,adaptive,0.85,20,lpips_alex_spatial,128,1,flame_unsupported,paired effect averaged within identity across seeds,3
0.044164560889841595,0.06743098314574732,0.02061072081054866,released,0.8,20,lpips_alex_spatial,128,1,flame_unsupported,paired effect averaged within identity across seeds,3
-0.014759387757850965,-0.00013753792883397698,-0.03019955215595294,adaptive,0.4,20,lpips_alex_spatial,128,1,foreground,paired effect averaged within identity across seeds,3
-0.02157950563025001,-0.009012814687311646,-0.03488697604240858,released,0.25,20,lpips_alex_spatial,128,1,foreground,paired effect averaged within identity across seeds,3
-0.010856150484188302,0.00048031860551274273,-0.02242471190435546,adaptive,0.35,20,lpips_alex_spatial,128,1,full_frame,paired effect averaged within identity across seeds,3
-0.020269137853151795,-0.010478835262325953,-0.031169432328118907,released,0.2,20,lpips_alex_spatial,128,1,full_frame,paired effect averaged within identity across seeds,3
-0.034805568780893435,-0.016735808945039864,-0.053742350645316475,adaptive,0.1,20,lpips_alex_spatial,128,1,oral,paired effect averaged within identity across seeds,3
-0.0372269655439989,-0.022242474229609073,-0.051722117047517106,released,0.1,20,lpips_alex_spatial,128,1,oral,paired effect averaged within identity across seeds,3
-0.010337649050901909,-0.0023315302897499468,-0.018541288729611558,adaptive,0.25,20,lpips_alex_spatial,128,4,background,paired effect averaged within identity across seeds,3
-0.019756756409342165,-0.010211507146162606,-0.0297487302171163,released,0.1,20,lpips_alex_spatial,128,4,background,paired effect averaged within identity across seeds,3
-0.007320761761355333,0.0029554181644413915,-0.01811313623736392,adaptive,0.5,20,lpips_alex_spatial,128,4,eyes,paired effect averaged within identity across seeds,3
-0.013790303638498253,-0.0026270721333370335,-0.025146023473382552,released,0.3,20,lpips_alex_spatial,128,4,eyes,paired effect averaged within identity across seeds,3
-0.05064283761569718,-0.037304964835911406,-0.06474043155748982,adaptive,0.0,20,lpips_alex_spatial,128,4,flame_supported,paired effect averaged within identity across seeds,3
-0.05682966982669792,-0.04492638859497795,-0.06951610835800232,released,0.0,20,lpips_alex_spatial,128,4,flame_supported,paired effect averaged within identity across seeds,3
0.04358286725754647,0.06919329368574802,0.018265848409134915,adaptive,0.75,20,lpips_alex_spatial,128,4,flame_unsupported,paired effect averaged within identity across seeds,3
0.045512250880141984,0.06844723105791611,0.023718411082383452,released,0.85,20,lpips_alex_spatial,128,4,flame_unsupported,paired effect averaged within identity across seeds,3
-0.02086111427944902,-0.005657999634303885,-0.03709390553020826,adaptive,0.3,20,lpips_alex_spatial,128,4,foreground,paired effect averaged within identity across seeds,3
-0.024732795475658965,-0.012117767929332985,-0.03821851435970715,released,0.25,20,lpips_alex_spatial,128,4,foreground,paired effect averaged within identity across seeds,3
-0.015759145737351144,-0.0041990399356551834,-0.027628364567093285,adaptive,0.25,20,lpips_alex_spatial,128,4,full_frame,paired effect averaged within identity across seeds,3
-0.022137533468976824,-0.01215527375374945,-0.03326143378848544,released,0.1,20,lpips_alex_spatial,128,4,full_frame,paired effect averaged within identity across seeds,3
-0.04429581237604863,-0.027441005741262573,-0.06252451067744821,adaptive,0.05,20,lpips_alex_spatial,128,4,oral,paired effect averaged within identity across seeds,3
-0.04757262232852951,-0.032817848975072346,-0.06254989456777803,released,0.0,20,lpips_alex_spatial,128,4,oral,paired effect averaged within identity across seeds,3
-0.006182984239325229,0.0022952203514373807,-0.014593647124783364,adaptive,0.35,20,lpips_alex_spatial,128,8,background,paired effect averaged within identity across seeds,3
-0.014299513034254871,-0.004508842401094427,-0.024565024974410574,released,0.4,20,lpips_alex_spatial,128,8,background,paired effect averaged within identity across seeds,3
-0.005601998669169545,0.004223037219241717,-0.01625970750687266,adaptive,0.6,20,lpips_alex_spatial,128,8,eyes,paired effect averaged within identity across seeds,3
-0.010303056549525864,0.00045319812149122006,-0.021625397091511633,released,0.4,20,lpips_alex_spatial,128,8,eyes,paired effect averaged within identity across seeds,3
-0.0476048807872443,-0.033702944447377335,-0.062350347366629186,adaptive,0.0,20,lpips_alex_spatial,128,8,flame_supported,paired effect averaged within identity across seeds,3
-0.05225810737603909,-0.040708283293482014,-0.06545835578044039,released,0.0,20,lpips_alex_spatial,128,8,flame_supported,paired effect averaged within identity across seeds,3
0.04900398899191117,0.074511034315283,0.02385612291119126,adaptive,0.8,20,lpips_alex_spatial,128,8,flame_unsupported,paired effect averaged within identity across seeds,3
0.049858163097410105,0.07287056075457299,0.027335986011923618,released,0.85,20,lpips_alex_spatial,128,8,flame_unsupported,paired effect averaged within identity across seeds,3
-0.01638679612900968,-0.00030149610215000623,-0.032299242852900076,adaptive,0.3,20,lpips_alex_spatial,128,8,foreground,paired effect averaged within identity across seeds,3
-0.01938739774140229,-0.006320704881562837,-0.03335532980213619,released,0.2,20,lpips_alex_spatial,128,8,foreground,paired effect averaged within identity across seeds,3
-0.011342249623624805,0.0005347475880410258,-0.02361096159526798,adaptive,0.2,20,lpips_alex_spatial,128,8,full_frame,paired effect averaged within identity across seeds,3
-0.016604775267762016,-0.006210555110400887,-0.02822180721989441,released,0.15,20,lpips_alex_spatial,128,8,full_frame,paired effect averaged within identity across seeds,3
-0.04427266026901491,-0.02748889767514438,-0.06256246497917857,adaptive,0.1,20,lpips_alex_spatial,128,8,oral,paired effect averaged within identity across seeds,3
-0.04260593641014689,-0.029075228111973172,-0.05663696038812079,released,0.1,20,lpips_alex_spatial,128,8,oral,paired effect averaged within identity across seeds,3
-0.007432322479353072,0.001558386001373045,-0.015980230033897605,adaptive,0.4,20,lpips_alex_spatial,384,1,background,paired effect averaged within identity across seeds,3
-0.012995634247518217,-0.0043702555240978805,-0.022019145132055138,released,0.3,20,lpips_alex_spatial,384,1,background,paired effect averaged within identity across seeds,3
-0.003983454840338856,0.003989809403871173,-0.012232718691783566,adaptive,0.5,20,lpips_alex_spatial,384,1,eyes,paired effect averaged within identity across seeds,3
-0.017402155189853604,-0.007524290649783005,-0.02787680723418052,released,0.25,20,lpips_alex_spatial,384,1,eyes,paired effect averaged within identity across seeds,3
-0.047738273790098054,-0.035946609060324514,-0.05992833143505071,adaptive,0.05,20,lpips_alex_spatial,384,1,flame_supported,paired effect averaged within identity across seeds,3
-0.05602086675891991,-0.045724933146803676,-0.06637793397645783,released,0.0,20,lpips_alex_spatial,384,1,flame_supported,paired effect averaged within identity across seeds,3
0.04280540754840455,0.06936255038162957,0.015328184026619038,adaptive,0.75,20,lpips_alex_spatial,384,1,flame_unsupported,paired effect averaged within identity across seeds,3
0.04698096133031191,0.07216741437151811,0.022238815100889365,released,0.75,20,lpips_alex_spatial,384,1,flame_unsupported,paired effect averaged within identity across seeds,3
-0.018572203494776,-0.002939061289518013,-0.034375868814865436,adaptive,0.35,20,lpips_alex_spatial,384,1,foreground,paired effect averaged within identity across seeds,3
-0.023050457132798442,-0.010320532716809869,-0.035976716517536464,released,0.15,20,lpips_alex_spatial,384,1,foreground,paired effect averaged within identity across seeds,3
-0.012888152000707975,-0.0008203971263392031,-0.024726171989913122,adaptive,0.3,20,lpips_alex_spatial,384,1,full_frame,paired effect averaged within identity across seeds,3
-0.01785269596359947,-0.00830309036683726,-0.027394857704961972,released,0.2,20,lpips_alex_spatial,384,1,full_frame,paired effect averaged within identity across seeds,3
-0.043449656730200584,-0.02559456415376887,-0.06289527735737374,adaptive,0.1,20,lpips_alex_spatial,384,1,oral,paired effect averaged within identity across seeds,3
-0.04749641947198897,-0.03242233104103132,-0.06187577286265437,released,0.05,20,lpips_alex_spatial,384,1,oral,paired effect averaged within identity across seeds,3
-0.009127984627071862,-0.0010816082936869135,-0.017169414581757525,adaptive,0.3,20,lpips_alex_spatial,384,4,background,paired effect averaged within identity across seeds,3
-0.013177097406101467,-0.0059335397731460696,-0.020536119138316433,released,0.25,20,lpips_alex_spatial,384,4,background,paired effect averaged within identity across seeds,3
-0.008461540522418627,0.00020887429095658278,-0.017342350486248687,adaptive,0.45,20,lpips_alex_spatial,384,4,eyes,paired effect averaged within identity across seeds,3
-0.01618193880920599,-0.006224950608085071,-0.026709791588013315,released,0.25,20,lpips_alex_spatial,384,4,eyes,paired effect averaged within identity across seeds,3
-0.054556797911629054,-0.04254697889605068,-0.06698964873503435,adaptive,0.0,20,lpips_alex_spatial,384,4,flame_supported,paired effect averaged within identity across seeds,3
-0.05774281163873853,-0.048798212028182714,-0.06719388159513409,released,0.0,20,lpips_alex_spatial,384,4,flame_supported,paired effect averaged within identity across seeds,3
0.042236737117840685,0.06764556043705676,0.01608065769797909,adaptive,0.7,20,lpips_alex_spatial,384,4,flame_unsupported,paired effect averaged within identity across seeds,3
0.04775838912489555,0.07231776570723432,0.024145012693130262,released,0.85,20,lpips_alex_spatial,384,4,flame_unsupported,paired effect averaged within identity across seeds,3
-0.02404777120958768,-0.009132163602574944,-0.03882453924862184,adaptive,0.3,20,lpips_alex_spatial,384,4,foreground,paired effect averaged within identity across seeds,3
-0.024723768956805104,-0.013552250139888485,-0.03653215669337514,released,0.25,20,lpips_alex_spatial,384,4,foreground,paired effect averaged within identity across seeds,3
-0.016730855992346087,-0.005640154861467925,-0.02760684011724696,adaptive,0.3,20,lpips_alex_spatial,384,4,full_frame,paired effect averaged within identity across seeds,3
-0.01892789324781453,-0.011103931824284147,-0.02694916523233588,released,0.15,20,lpips_alex_spatial,384,4,full_frame,paired effect averaged within identity across seeds,3
-0.05230876500109276,-0.03568319114591463,-0.07047230014570553,adaptive,0.05,20,lpips_alex_spatial,384,4,oral,paired effect averaged within identity across seeds,3
-0.055139615928457966,-0.04108731949217154,-0.06948471029373413,released,0.0,20,lpips_alex_spatial,384,4,oral,paired effect averaged within identity across seeds,3
-0.005669116334286814,0.0024609882159411394,-0.01376078468578176,adaptive,0.35,20,lpips_alex_spatial,384,8,background,paired effect averaged within identity across seeds,3
-0.008997024675755295,-0.0009420278918602395,-0.01696063511859378,released,0.3,20,lpips_alex_spatial,384,8,background,paired effect averaged within identity across seeds,3
-0.007610757584582836,0.0010586214058457433,-0.016400316840437166,adaptive,0.4,20,lpips_alex_spatial,384,8,eyes,paired effect averaged within identity across seeds,3
-0.013535837541128392,-0.0042005131305982,-0.023979741518776496,released,0.3,20,lpips_alex_spatial,384,8,eyes,paired effect averaged within identity across seeds,3
-0.05102220733682702,-0.039258903463767245,-0.06363672318890398,adaptive,0.0,20,lpips_alex_spatial,384,8,flame_supported,paired effect averaged within identity across seeds,3
-0.055162102461197036,-0.046539181708087546,-0.06456722485784454,released,0.0,20,lpips_alex_spatial,384,8,flame_supported,paired effect averaged within identity across seeds,3
0.045785895663013165,0.07188270000488517,0.01995151063824488,adaptive,0.85,20,lpips_alex_spatial,384,8,flame_unsupported,paired effect averaged within identity across seeds,3
0.05188415233484278,0.0770287543559098,0.028119696456159048,released,0.85,20,lpips_alex_spatial,384,8,flame_unsupported,paired effect averaged within identity across seeds,3
-0.019709311605192438,-0.004397409908947895,-0.03437544094890307,adaptive,0.25,20,lpips_alex_spatial,384,8,foreground,paired effect averaged within identity across seeds,3
-0.020938557339167038,-0.008548008390710297,-0.03317893694550835,released,0.25,20,lpips_alex_spatial,384,8,foreground,paired effect averaged within identity across seeds,3
-0.012590661012765136,-0.0012417928829337795,-0.023562211151117875,adaptive,0.3,20,lpips_alex_spatial,384,8,full_frame,paired effect averaged within identity across seeds,3
-0.014773317590936436,-0.005727165841308003,-0.02343636272596074,released,0.25,20,lpips_alex_spatial,384,8,full_frame,paired effect averaged within identity across seeds,3
-0.0510240085873622,-0.03427954768760592,-0.0688603177130071,adaptive,0.1,20,lpips_alex_spatial,384,8,oral,paired effect averaged within identity across seeds,3
-0.05202252571689016,-0.03861990610264858,-0.06535211647061348,released,0.05,20,lpips_alex_spatial,384,8,oral,paired effect averaged within identity across seeds,3
