advantage_over_hard_mean,ci_high,ci_low,comparison,fraction_identities_advantage_positive,identity_count,metric,n_id,n_obs,region,seed_aggregation,seed_count,training_seed
-0.716969191514633,1.9700525816190906,-2.7761713236560333,adaptive,0.3,20,masked_psnr,8,1,background,paired effect averaged within identity across seeds,1,0
-0.46163542963656223,2.020802200308817,-2.331716401777503,released,0.3,20,masked_psnr,8,1,background,paired effect averaged within identity across seeds,1,0
0.22864648615693223,0.7926916452806979,-0.4617279862265455,adaptive,0.65,20,masked_psnr,8,1,eyes,paired effect averaged within identity across seeds,1,0
-0.9144661259074246,-0.1681359859408934,-1.7289052754091259,released,0.35,20,masked_psnr,8,1,eyes,paired effect averaged within identity across seeds,1,0
-1.6651210812629629,-1.0943422743710731,-2.271885961928483,adaptive,0.05,20,masked_psnr,8,1,flame_supported,paired effect averaged within identity across seeds,1,0
-1.5093882612062128,-1.0023553404713361,-2.0798490775794685,released,0.1,20,masked_psnr,8,1,flame_supported,paired effect averaged within identity across seeds,1,0
2.9535031675246275,3.9365605080600545,1.9149164589539518,adaptive,0.95,20,masked_psnr,8,1,flame_unsupported,paired effect averaged within identity across seeds,1,0
2.807976666489565,3.7459392350758014,1.853540957619247,released,0.95,20,masked_psnr,8,1,flame_unsupported,paired effect averaged within identity across seeds,1,0
1.9486217682910525,2.801604303032318,1.030058002131904,adaptive,0.9,20,masked_psnr,8,1,foreground,paired effect averaged within identity across seeds,1,0
1.8566458624621691,2.6361282579859378,1.0037829498871393,released,0.9,20,masked_psnr,8,1,foreground,paired effect averaged within identity across seeds,1,0
1.1323164078428036,2.0111372025269363,0.13562144404897478,adaptive,0.8,20,masked_psnr,8,1,full_frame,paired effect averaged within identity across seeds,1,0
1.0810899847821633,1.9493081930505978,0.12171053865764028,released,0.75,20,masked_psnr,8,1,full_frame,paired effect averaged within identity across seeds,1,0
-0.6740261373144305,-0.35614951760828595,-1.0004185148397182,adaptive,0.2,20,masked_psnr,8,1,oral,paired effect averaged within identity across seeds,1,0
-0.6450649084214783,-0.3696137322507064,-0.9014015053108593,released,0.2,20,masked_psnr,8,1,oral,paired effect averaged within identity across seeds,1,0
-0.46865053969918613,1.927166780318414,-2.496702163286214,adaptive,0.4,20,masked_psnr,8,4,background,paired effect averaged within identity across seeds,1,0
-0.017161856974785027,2.507668491900697,-2.0606678790950084,released,0.35,20,masked_psnr,8,4,background,paired effect averaged within identity across seeds,1,0
0.012489480394051001,0.4763150316628169,-0.531454691477438,adaptive,0.5,20,masked_psnr,8,4,eyes,paired effect averaged within identity across seeds,1,0
-1.014774441811736,-0.2719381430804746,-1.8392599765525761,released,0.35,20,masked_psnr,8,4,eyes,paired effect averaged within identity across seeds,1,0
-1.825113590000305,-1.1881109736833557,-2.5050518965422337,adaptive,0.1,20,masked_psnr,8,4,flame_supported,paired effect averaged within identity across seeds,1,0
-1.6725971765886243,-1.150727938594688,-2.219440333477419,released,0.0,20,masked_psnr,8,4,flame_supported,paired effect averaged within identity across seeds,1,0
2.8540917290414276,3.5871638771153185,2.116075280364696,adaptive,0.95,20,masked_psnr,8,4,flame_unsupported,paired effect averaged within identity across seeds,1,0
2.973268226328717,3.6673963979304514,2.3044803310241733,released,0.95,20,masked_psnr,8,4,flame_unsupported,paired effect averaged within identity across seeds,1,0
1.9116974541511058,2.6307306889464948,1.1150317992411858,adaptive,0.9,20,masked_psnr,8,4,foreground,paired effect averaged within identity across seeds,1,0
2.0227639323615114,2.654366987851094,1.3618947144415186,released,0.95,20,masked_psnr,8,4,foreground,paired effect averaged within identity across seeds,1,0
1.121317685228746,1.9278752276102256,0.22813943469332632,adaptive,0.75,20,masked_psnr,8,4,full_frame,paired effect averaged within identity across seeds,1,0
1.228093276435395,1.9747812325523688,0.37253013956827796,released,0.8,20,masked_psnr,8,4,full_frame,paired effect averaged within identity across seeds,1,0
-0.9428543571969825,-0.5888946350209253,-1.3053636169700513,adaptive,0.1,20,masked_psnr,8,4,oral,paired effect averaged within identity across seeds,1,0
-0.9013703454982055,-0.4995352689785744,-1.3404916558006985,released,0.2,20,masked_psnr,8,4,oral,paired effect averaged within identity across seeds,1,0
-0.4263372503193416,1.6887581266163618,-2.2533771256058506,adaptive,0.4,20,masked_psnr,8,8,background,paired effect averaged within identity across seeds,1,0
-0.001829990562074091,2.3096534711924464,-1.9224978733898288,released,0.45,20,masked_psnr,8,8,background,paired effect averaged within identity across seeds,1,0
0.09267898743486738,0.5648505105377669,-0.4690030354780683,adaptive,0.65,20,masked_psnr,8,8,eyes,paired effect averaged within identity across seeds,1,0
-0.8859459926388746,-0.19355603168561897,-1.661244611695915,released,0.4,20,masked_psnr,8,8,eyes,paired effect averaged within identity across seeds,1,0
-2.00270031166228,-1.350730681663815,-2.644911976525631,adaptive,0.15,20,masked_psnr,8,8,flame_supported,paired effect averaged within identity across seeds,1,0
-1.7104748615653527,-1.1729384994867234,-2.279052353097961,released,0.1,20,masked_psnr,8,8,flame_supported,paired effect averaged within identity across seeds,1,0
2.7951638690803753,3.522924586497175,2.0808869719873817,adaptive,0.95,20,masked_psnr,8,8,flame_unsupported,paired effect averaged within identity across seeds,1,0
3.0879029943578464,3.813885767711118,2.4032877683197786,released,0.95,20,masked_psnr,8,8,flame_unsupported,paired effect averaged within identity across seeds,1,0
1.839693571729547,2.5474346200030014,1.0729578406244127,adaptive,0.9,20,masked_psnr,8,8,foreground,paired effect averaged within identity across seeds,1,0
2.1279280261815905,2.787387520392049,1.440855715414924,released,0.95,20,masked_psnr,8,8,foreground,paired effect averaged within identity across seeds,1,0
1.108886797782731,1.9236655218694942,0.2123580522713616,adaptive,0.75,20,masked_psnr,8,8,full_frame,paired effect averaged within identity across seeds,1,0
1.3239054938826869,2.1033285197751224,0.4217778995726943,released,0.8,20,masked_psnr,8,8,full_frame,paired effect averaged within identity across seeds,1,0
-0.8603846969658806,-0.515299309175528,-1.2029862802537765,adaptive,0.15,20,masked_psnr,8,8,oral,paired effect averaged within identity across seeds,1,0
-0.8029701341139202,-0.42266568992806,-1.226734148970284,released,0.2,20,masked_psnr,8,8,oral,paired effect averaged within identity across seeds,1,0
-2.9827032754447123,-1.3846282019127456,-4.625999014119738,adaptive,0.1,20,masked_psnr,32,1,background,paired effect averaged within identity across seeds,1,0
-2.3621045978945014,-0.12194127964334817,-4.229975143505321,released,0.2,20,masked_psnr,32,1,background,paired effect averaged within identity across seeds,1,0
0.03865745788744555,0.3974093033692729,-0.23769452527894408,adaptive,0.4,20,masked_psnr,32,1,eyes,paired effect averaged within identity across seeds,1,0
-0.442299974557673,0.07263094124077167,-1.0037676004221607,released,0.35,20,masked_psnr,32,1,eyes,paired effect averaged within identity across seeds,1,0
-0.4243536797646044,0.17072106877425733,-1.0349008405982938,adaptive,0.45,20,masked_psnr,32,1,flame_supported,paired effect averaged within identity across seeds,1,0
-0.4398985445216791,0.17098974151445717,-1.0892934985764913,released,0.45,20,masked_psnr,32,1,flame_supported,paired effect averaged within identity across seeds,1,0
5.721241703799569,6.84500160300266,4.46203143656999,adaptive,0.9,20,masked_psnr,32,1,flame_unsupported,paired effect averaged within identity across seeds,1,0
6.023467429192854,7.118514088776208,4.858808766205788,released,0.95,20,masked_psnr,32,1,flame_unsupported,paired effect averaged within identity across seeds,1,0
4.231632680474656,5.168975105946487,3.183067219253445,adaptive,0.9,20,masked_psnr,32,1,foreground,paired effect averaged within identity across seeds,1,0
4.398016512496747,5.313374352989272,3.3571421261568974,released,0.95,20,masked_psnr,32,1,foreground,paired effect averaged within identity across seeds,1,0
2.3166299292026062,3.179271742622536,1.3766073987765062,adaptive,0.85,20,masked_psnr,32,1,full_frame,paired effect averaged within identity across seeds,1,0
2.4671662912475654,3.3495536829018704,1.5264345815249065,released,0.9,20,masked_psnr,32,1,full_frame,paired effect averaged within identity across seeds,1,0
-0.9311771604178956,-0.5697121557545004,-1.2853020966185658,adaptive,0.1,20,masked_psnr,32,1,oral,paired effect averaged within identity across seeds,1,0
-0.27644098189230276,0.028260077158151816,-0.5765717205138388,released,0.35,20,masked_psnr,32,1,oral,paired effect averaged within identity across seeds,1,0
-2.584030984094503,-0.9287951039009331,-4.253244585640145,adaptive,0.2,20,masked_psnr,32,4,background,paired effect averaged within identity across seeds,1,0
-1.9240823944604621,0.5301618908368281,-3.946689516351965,released,0.25,20,masked_psnr,32,4,background,paired effect averaged within identity across seeds,1,0
0.07878925085133126,0.4694951224897209,-0.2307207939156631,adaptive,0.5,20,masked_psnr,32,4,eyes,paired effect averaged within identity across seeds,1,0
-0.49628764125939834,0.08161592981792311,-1.1067794047571209,released,0.35,20,masked_psnr,32,4,eyes,paired effect averaged within identity across seeds,1,0
-0.4950577464760821,0.17079926934471962,-1.1425954682073807,adaptive,0.35,20,masked_psnr,32,4,flame_supported,paired effect averaged within identity across seeds,1,0
-0.46183209173951134,0.21745032471563605,-1.163309867302564,released,0.4,20,masked_psnr,32,4,flame_supported,paired effect averaged within identity across seeds,1,0
5.588904577884603,6.648608117890526,4.4130642282054415,adaptive,0.95,20,masked_psnr,32,4,flame_unsupported,paired effect averaged within identity across seeds,1,0
6.104398587111012,7.0559642028702925,5.028572222016749,released,1.0,20,masked_psnr,32,4,flame_unsupported,paired effect averaged within identity across seeds,1,0
4.195555510019461,5.10128549813192,3.189958126739684,adaptive,0.9,20,masked_psnr,32,4,foreground,paired effect averaged within identity across seeds,1,0
4.5472010905495335,5.431939237453513,3.568450822143795,released,0.95,20,masked_psnr,32,4,foreground,paired effect averaged within identity across seeds,1,0
2.442887261108445,3.236177410546579,1.624806630853451,adaptive,0.85,20,masked_psnr,32,4,full_frame,paired effect averaged within identity across seeds,1,0
2.670299765577024,3.5299516970031357,1.7985102748684478,released,0.85,20,masked_psnr,32,4,full_frame,paired effect averaged within identity across seeds,1,0
-1.353982346879128,-0.9633008226629012,-1.771258942209496,adaptive,0.05,20,masked_psnr,32,4,oral,paired effect averaged within identity across seeds,1,0
-0.6292407312199757,-0.3041959626503795,-0.9579492705630044,released,0.25,20,masked_psnr,32,4,oral,paired effect averaged within identity across seeds,1,0
-2.315082617824364,-0.3704580274631345,-4.048308182570768,adaptive,0.2,20,masked_psnr,32,8,background,paired effect averaged within identity across seeds,1,0
-1.9603803774941784,0.22012312727906352,-3.87015639155873,released,0.25,20,masked_psnr,32,8,background,paired effect averaged within identity across seeds,1,0
0.21538344949648333,0.5401334701708679,-0.05801107740684778,adaptive,0.65,20,masked_psnr,32,8,eyes,paired effect averaged within identity across seeds,1,0
-0.3123589333305771,0.23348303267963705,-0.9106589567070941,released,0.35,20,masked_psnr,32,8,eyes,paired effect averaged within identity across seeds,1,0
-0.4815947199993825,0.1463521061883515,-1.1117238898052622,adaptive,0.4,20,masked_psnr,32,8,flame_supported,paired effect averaged within identity across seeds,1,0
-0.49248474127703074,0.19859104835204783,-1.1816106785759322,released,0.35,20,masked_psnr,32,8,flame_supported,paired effect averaged within identity across seeds,1,0
5.662068675636808,6.684214912808883,4.568806246708513,adaptive,0.95,20,masked_psnr,32,8,flame_unsupported,paired effect averaged within identity across seeds,1,0
6.117977436782626,7.046322336220586,5.099360791277674,released,1.0,20,masked_psnr,32,8,flame_unsupported,paired effect averaged within identity across seeds,1,0
4.3029272202485185,5.174326938088339,3.3594777861910514,adaptive,0.9,20,masked_psnr,32,8,foreground,paired effect averaged within identity across seeds,1,0
4.619300553411767,5.500068814718819,3.624080599494957,released,0.95,20,masked_psnr,32,8,foreground,paired effect averaged within identity across seeds,1,0
2.531356397091334,3.348533409814598,1.7179796923557886,adaptive,0.85,20,masked_psnr,32,8,full_frame,paired effect averaged within identity across seeds,1,0
2.712719116382768,3.5726942578718526,1.8148588237153636,released,0.8,20,masked_psnr,32,8,full_frame,paired effect averaged within identity across seeds,1,0
-1.3481552010691042,-0.9194456491502537,-1.823255631956396,adaptive,0.05,20,masked_psnr,32,8,oral,paired effect averaged within identity across seeds,1,0
-0.5960140939202516,-0.3020850941281085,-0.8813729017965449,released,0.25,20,masked_psnr,32,8,oral,paired effect averaged within identity across seeds,1,0
-2.0614046502364394,-1.253066180017313,-2.8477247486058745,adaptive,0.1,20,masked_psnr,128,1,background,paired effect averaged within identity across seeds,1,0
-1.611898952726369,-0.43324981868536216,-2.74150901622343,released,0.25,20,masked_psnr,128,1,background,paired effect averaged within identity across seeds,1,0
0.12220619393053855,0.5409327852750434,-0.2707407263010011,adaptive,0.5,20,masked_psnr,128,1,eyes,paired effect averaged within identity across seeds,1,0
-0.13186716727647402,0.2664915110647341,-0.5271667047119329,released,0.55,20,masked_psnr,128,1,eyes,paired effect averaged within identity across seeds,1,0
0.17356734494704334,0.6912037531701709,-0.32420157885158646,adaptive,0.45,20,masked_psnr,128,1,flame_supported,paired effect averaged within identity across seeds,1,0
0.11247767912780056,0.6017122898373857,-0.38116934053117835,released,0.5,20,masked_psnr,128,1,flame_supported,paired effect averaged within identity across seeds,1,0
5.894050454845093,7.195490777530189,4.571614208896601,adaptive,1.0,20,masked_psnr,128,1,flame_unsupported,paired effect averaged within identity across seeds,1,0
6.299662703117875,7.615219736134712,4.98600120053245,released,1.0,20,masked_psnr,128,1,flame_unsupported,paired effect averaged within identity across seeds,1,0
4.494724372787403,5.52909054411337,3.407360998594944,adaptive,1.0,20,masked_psnr,128,1,foreground,paired effect averaged within identity across seeds,1,0
4.780662410435629,5.80304545378182,3.6975078468780187,released,1.0,20,masked_psnr,128,1,foreground,paired effect averaged within identity across seeds,1,0
2.9122100222324585,3.653125861781164,2.139222444800851,adaptive,0.9,20,masked_psnr,128,1,full_frame,paired effect averaged within identity across seeds,1,0
3.1850611770942754,3.871140151434152,2.4420235439357185,released,1.0,20,masked_psnr,128,1,full_frame,paired effect averaged within identity across seeds,1,0
-0.5245104035414041,-0.21249493637332154,-0.8482043992764373,adaptive,0.3,20,masked_psnr,128,1,oral,paired effect averaged within identity across seeds,1,0
-0.18103516259000987,0.08224056054657997,-0.4290215304802542,released,0.35,20,masked_psnr,128,1,oral,paired effect averaged within identity across seeds,1,0
-2.5706697730820274,-1.4328974085821067,-3.704923952670615,adaptive,0.05,20,masked_psnr,128,4,background,paired effect averaged within identity across seeds,1,0
-2.0209640133565094,-0.1124918557767882,-3.5342967474791798,released,0.15,20,masked_psnr,128,4,background,paired effect averaged within identity across seeds,1,0
0.20448379640869857,0.6816110556318585,-0.23574615716985534,adaptive,0.6,20,masked_psnr,128,4,eyes,paired effect averaged within identity across seeds,1,0
0.027853634523579095,0.3654592604739649,-0.3152505264824651,released,0.45,20,masked_psnr,128,4,eyes,paired effect averaged within identity across seeds,1,0
0.025236331827808732,0.5770385650743572,-0.5016714003595403,adaptive,0.45,20,masked_psnr,128,4,flame_supported,paired effect averaged within identity across seeds,1,0
0.05746051318937369,0.5763331331931956,-0.4259642454498197,released,0.4,20,masked_psnr,128,4,flame_supported,paired effect averaged within identity across seeds,1,0
5.941365587938572,7.268970124464392,4.639524728186115,adaptive,1.0,20,masked_psnr,128,4,flame_unsupported,paired effect averaged within identity across seeds,1,0
6.269401516466591,7.4837402679754135,5.010409643516028,released,1.0,20,masked_psnr,128,4,flame_unsupported,paired effect averaged within identity across seeds,1,0
4.545467548513096,5.55716069379415,3.483180341837465,adaptive,0.95,20,masked_psnr,128,4,foreground,paired effect averaged within identity across seeds,1,0
4.8385639937734854,5.803825103671654,3.8333442123195876,released,1.0,20,masked_psnr,128,4,foreground,paired effect averaged within identity across seeds,1,0
2.7399296830248288,3.474271332648593,1.9928751333720855,adaptive,0.9,20,masked_psnr,128,4,full_frame,paired effect averaged within identity across seeds,1,0
2.9863891794230493,3.666248008330625,2.310238275615669,released,1.0,20,masked_psnr,128,4,full_frame,paired effect averaged within identity across seeds,1,0
-0.8609481871177422,-0.5473403490483719,-1.1916911679586315,adaptive,0.1,20,masked_psnr,128,4,oral,paired effect averaged within identity across seeds,1,0
-0.38261200930178685,-0.08931707787363367,-0.66290410772818,released,0.3,20,masked_psnr,128,4,oral,paired effect averaged within identity across seeds,1,0
-2.375414459172196,-0.874806537585778,-3.7266367708018264,adaptive,0.05,20,masked_psnr,128,8,background,paired effect averaged within identity across seeds,1,0
-2.0912595752980843,-0.39264431602904326,-3.5360793038730414,released,0.15,20,masked_psnr,128,8,background,paired effect averaged within identity across seeds,1,0
0.35415736805787484,0.8250891791530417,-0.10235461612200816,adaptive,0.65,20,masked_psnr,128,8,eyes,paired effect averaged within identity across seeds,1,0
0.13358670620414373,0.5049743893686316,-0.23881552258492936,released,0.45,20,masked_psnr,128,8,eyes,paired effect averaged within identity across seeds,1,0
-0.026672107822787082,0.5192247277367263,-0.5625261274248928,adaptive,0.45,20,masked_psnr,128,8,flame_supported,paired effect averaged within identity across seeds,1,0
0.04734324774264644,0.5560619516548516,-0.4489909973217596,released,0.45,20,masked_psnr,128,8,flame_supported,paired effect averaged within identity across seeds,1,0
6.1797179297058475,7.480156823558093,4.879605170764749,adaptive,1.0,20,masked_psnr,128,8,flame_unsupported,paired effect averaged within identity across seeds,1,0
6.377436063883515,7.5470665280348594,5.100340886990636,released,1.0,20,masked_psnr,128,8,flame_unsupported,paired effect averaged within identity across seeds,1,0
4.7441782658116125,5.7784951792514105,3.66217002978134,adaptive,1.0,20,masked_psnr,128,8,foreground,paired effect averaged within identity across seeds,1,0
4.952286622580672,5.926645802863332,3.938219601385543,released,1.0,20,masked_psnr,128,8,foreground,paired effect averaged within identity across seeds,1,0
2.8390219708534685,3.5732180333912744,2.0790932384970557,adaptive,0.9,20,masked_psnr,128,8,full_frame,paired effect averaged within identity across seeds,1,0
3.055043693397407,3.7387895214208413,2.3586498381689283,released,1.0,20,masked_psnr,128,8,full_frame,paired effect averaged within identity across seeds,1,0
-0.8162120747724246,-0.5035354165937928,-1.1538970417632157,adaptive,0.1,20,masked_psnr,128,8,oral,paired effect averaged within identity across seeds,1,0
-0.3742035304771122,-0.08486899612168265,-0.645436485295635,released,0.3,20,masked_psnr,128,8,oral,paired effect averaged within identity across seeds,1,0
-2.3105822930891007,-1.2702155731186737,-3.376021707413188,adaptive,0.15,20,masked_psnr,384,1,background,paired effect averaged within identity across seeds,1,0
-2.3634610108586878,-1.3967939510996226,-3.440919762518736,released,0.15,20,masked_psnr,384,1,background,paired effect averaged within identity across seeds,1,0
0.2380862416343552,0.5491535342100113,-0.059402440587610586,adaptive,0.6,20,masked_psnr,384,1,eyes,paired effect averaged within identity across seeds,1,0
-0.07268601231149194,0.27780685015164486,-0.38759190686980305,released,0.4,20,masked_psnr,384,1,eyes,paired effect averaged within identity across seeds,1,0
0.23516518804583156,0.7429766913000563,-0.28005613300820487,adaptive,0.55,20,masked_psnr,384,1,flame_supported,paired effect averaged within identity across seeds,1,0
0.36167624500261064,0.8772607416645222,-0.16710103451332445,released,0.65,20,masked_psnr,384,1,flame_supported,paired effect averaged within identity across seeds,1,0
6.363049416869728,7.6021922488305815,5.0212053889453,adaptive,1.0,20,masked_psnr,384,1,flame_unsupported,paired effect averaged within identity across seeds,1,0
6.897385766122755,8.061355364853279,5.633155569922356,released,1.0,20,masked_psnr,384,1,flame_unsupported,paired effect averaged within identity across seeds,1,0
4.847270129703224,5.847658485551505,3.7778020079038908,adaptive,1.0,20,masked_psnr,384,1,foreground,paired effect averaged within identity across seeds,1,0
5.233941941071793,6.208325521069186,4.161500261549347,released,1.0,20,masked_psnr,384,1,foreground,paired effect averaged within identity across seeds,1,0
3.089079997413213,3.7908159628787783,2.321124401656885,adaptive,0.95,20,masked_psnr,384,1,full_frame,paired effect averaged within identity across seeds,1,0
3.469510975517386,4.172497168850297,2.715619538799553,released,1.0,20,masked_psnr,384,1,full_frame,paired effect averaged within identity across seeds,1,0
-0.6334314156362189,-0.3623449195369646,-0.8999782782288424,adaptive,0.15,20,masked_psnr,384,1,oral,paired effect averaged within identity across seeds,1,0
-0.27110206604939274,0.0005918259273961896,-0.5359974613688392,released,0.4,20,masked_psnr,384,1,oral,paired effect averaged within identity across seeds,1,0
-2.4614749200346577,-1.4903533479502458,-3.5009609460041844,adaptive,0.1,20,masked_psnr,384,4,background,paired effect averaged within identity across seeds,1,0
-2.569686128125365,-1.6157714174942983,-3.6645867400177465,released,0.1,20,masked_psnr,384,4,background,paired effect averaged within identity across seeds,1,0
0.10246055413855579,0.4598062217852132,-0.22112230826182872,adaptive,0.5,20,masked_psnr,384,4,eyes,paired effect averaged within identity across seeds,1,0
-0.18140960464367595,0.21187081973122301,-0.5684573051029309,released,0.4,20,masked_psnr,384,4,eyes,paired effect averaged within identity across seeds,1,0
0.021832500081432026,0.5636286306742261,-0.5144398819805012,adaptive,0.5,20,masked_psnr,384,4,flame_supported,paired effect averaged within identity across seeds,1,0
0.24099126994656972,0.8067363118176631,-0.3272868332938049,released,0.55,20,masked_psnr,384,4,flame_supported,paired effect averaged within identity across seeds,1,0
6.202800182124528,7.405060111784849,4.907654026320179,adaptive,1.0,20,masked_psnr,384,4,flame_unsupported,paired effect averaged within identity across seeds,1,0
6.810414831481763,7.985587106669028,5.593828676762076,released,1.0,20,masked_psnr,384,4,flame_unsupported,paired effect averaged within identity across seeds,1,0
4.7706370541681205,5.77045953198313,3.7301143557557928,adaptive,1.0,20,masked_psnr,384,4,foreground,paired effect averaged within identity across seeds,1,0
5.259463791135846,6.20405216613342,4.218827507977374,released,1.0,20,masked_psnr,384,4,foreground,paired effect averaged within identity across seeds,1,0
2.99612667813866,3.656738390104572,2.283819942464241,adaptive,0.95,20,masked_psnr,384,4,full_frame,paired effect averaged within identity across seeds,1,0
3.4072412838133346,4.114668540391485,2.680278563737989,released,1.0,20,masked_psnr,384,4,full_frame,paired effect averaged within identity across seeds,1,0
-0.8405974523768901,-0.5665371337828397,-1.115883894649502,adaptive,0.1,20,masked_psnr,384,4,oral,paired effect averaged within identity across seeds,1,0
-0.5151085102031366,-0.2580726008401555,-0.7674319240764615,released,0.2,20,masked_psnr,384,4,oral,paired effect averaged within identity across seeds,1,0
-2.2913986067755525,-1.2405951862121702,-3.300539260490203,adaptive,0.05,20,masked_psnr,384,8,background,paired effect averaged within identity across seeds,1,0
-2.752284412179635,-1.8822796646218285,-3.767028420474983,released,0.05,20,masked_psnr,384,8,background,paired effect averaged within identity across seeds,1,0
0.2915154266688747,0.6663977252886407,-0.06634226524287387,adaptive,0.6,20,masked_psnr,384,8,eyes,paired effect averaged within identity across seeds,1,0
-0.13178095129867023,0.27731391698735997,-0.5397377468009665,released,0.35,20,masked_psnr,384,8,eyes,paired effect averaged within identity across seeds,1,0
-0.025766459138894325,0.5680805092162502,-0.6175795029908551,adaptive,0.45,20,masked_psnr,384,8,flame_supported,paired effect averaged within identity across seeds,1,0
0.13439048715099994,0.7527370917755513,-0.4675124994914096,released,0.55,20,masked_psnr,384,8,flame_supported,paired effect averaged within identity across seeds,1,0
6.364386350329838,7.6047591507675225,5.0709537864906284,adaptive,1.0,20,masked_psnr,384,8,flame_unsupported,paired effect averaged within identity across seeds,1,0
6.997693586937027,8.141987741720015,5.751566477630112,released,1.0,20,masked_psnr,384,8,flame_unsupported,paired effect averaged within identity across seeds,1,0
4.9056628342851445,5.933469926758574,3.8879060292477092,adaptive,1.0,20,masked_psnr,384,8,foreground,paired effect averaged within identity across seeds,1,0
5.390491773486163,6.350954328591818,4.3312091472897,released,1.0,20,masked_psnr,384,8,foreground,paired effect averaged within identity across seeds,1,0
3.0697505572040567,3.747750861520247,2.3339966225817066,adaptive,0.9,20,masked_psnr,384,8,full_frame,paired effect averaged within identity across seeds,1,0
3.359685172561135,4.096736687278434,2.602926731133916,released,0.95,20,masked_psnr,384,8,full_frame,paired effect averaged within identity across seeds,1,0
-0.859088642847697,-0.5632464601903662,-1.1479406598958353,adaptive,0.1,20,masked_psnr,384,8,oral,paired effect averaged within identity across seeds,1,0
-0.5930358713580131,-0.35605732886332436,-0.8451954951625485,released,0.15,20,masked_psnr,384,8,oral,paired effect averaged within identity across seeds,1,0
-1.0026843195986626,1.6720005243615368,-3.043201760832929,adaptive,0.2,20,masked_psnr,8,1,background,paired effect averaged within identity across seeds,1,1
-0.40041031269190563,2.1860786426812764,-2.2586819421441415,released,0.25,20,masked_psnr,8,1,background,paired effect averaged within identity across seeds,1,1
-0.3122441601682039,0.41560752415090285,-1.1301586144085303,adaptive,0.45,20,masked_psnr,8,1,eyes,paired effect averaged within identity across seeds,1,1
-0.14093764359971592,0.4259853238901254,-0.8147349935643088,released,0.5,20,masked_psnr,8,1,eyes,paired effect averaged within identity across seeds,1,1
-1.7160343938999758,-1.081982041899631,-2.40370229843855,adaptive,0.15,20,masked_psnr,8,1,flame_supported,paired effect averaged within identity across seeds,1,1
-1.4851113580184943,-0.9064536322552961,-2.117505813315067,released,0.15,20,masked_psnr,8,1,flame_supported,paired effect averaged within identity across seeds,1,1
2.917633404068405,3.8374220412447237,1.9227418200536355,adaptive,0.95,20,masked_psnr,8,1,flame_unsupported,paired effect averaged within identity across seeds,1,1
2.7264503075892037,3.5968565385015543,1.8443744220660736,released,0.95,20,masked_psnr,8,1,flame_unsupported,paired effect averaged within identity across seeds,1,1
1.9360198785626896,2.781153910413804,1.0121056721509827,adaptive,0.9,20,masked_psnr,8,1,foreground,paired effect averaged within identity across seeds,1,1
1.8235692949547044,2.615646469681379,0.9846830479459121,released,0.9,20,masked_psnr,8,1,foreground,paired effect averaged within identity across seeds,1,1
0.9937659880109916,1.9214959003567922,-0.04678718007245512,adaptive,0.8,20,masked_psnr,8,1,full_frame,paired effect averaged within identity across seeds,1,1
1.054578367808241,1.8538067678007657,0.1627210763181607,released,0.8,20,masked_psnr,8,1,full_frame,paired effect averaged within identity across seeds,1,1
-0.9248251868329799,-0.5157971952282732,-1.3335737900582239,adaptive,0.15,20,masked_psnr,8,1,oral,paired effect averaged within identity across seeds,1,1
-0.247179007320009,0.047623072397063745,-0.5338825552515896,released,0.25,20,masked_psnr,8,1,oral,paired effect averaged within identity across seeds,1,1
-0.8464372902321738,1.704789128419394,-2.9236787827535733,adaptive,0.3,20,masked_psnr,8,4,background,paired effect averaged within identity across seeds,1,1
-0.3012831018133756,2.1501716518846394,-2.207838286950513,released,0.25,20,masked_psnr,8,4,background,paired effect averaged within identity across seeds,1,1
-0.46282340914741527,0.17513437343255955,-1.2022939416058411,adaptive,0.4,20,masked_psnr,8,4,eyes,paired effect averaged within identity across seeds,1,1
-0.06594992271271476,0.5153385372876178,-0.7348926989267337,released,0.65,20,masked_psnr,8,4,eyes,paired effect averaged within identity across seeds,1,1
-1.6919430629156094,-1.0639747238905495,-2.3646696302588572,adaptive,0.15,20,masked_psnr,8,4,flame_supported,paired effect averaged within identity across seeds,1,1
-1.5157962623470609,-1.0417381712342526,-2.0075332672483532,released,0.1,20,masked_psnr,8,4,flame_supported,paired effect averaged within identity across seeds,1,1
3.2178155505265797,3.9915256113884716,2.4784417148884574,adaptive,0.95,20,masked_psnr,8,4,flame_unsupported,paired effect averaged within identity across seeds,1,1
2.84118099405812,3.475347666740173,2.231775923447552,released,1.0,20,masked_psnr,8,4,flame_unsupported,paired effect averaged within identity across seeds,1,1
2.1947908033868986,2.894234765086925,1.4504350852770738,adaptive,0.95,20,masked_psnr,8,4,foreground,paired effect averaged within identity across seeds,1,1
1.9494346996104415,2.551032297985418,1.3397369048774903,released,0.95,20,masked_psnr,8,4,foreground,paired effect averaged within identity across seeds,1,1
1.2111848422644413,2.093313065270001,0.22302908437188698,adaptive,0.8,20,masked_psnr,8,4,full_frame,paired effect averaged within identity across seeds,1,1
1.1428607330882468,1.8662031584396575,0.3070228889237296,released,0.8,20,masked_psnr,8,4,full_frame,paired effect averaged within identity across seeds,1,1
-1.0952221472928476,-0.698897128975025,-1.4791396088412934,adaptive,0.15,20,masked_psnr,8,4,oral,paired effect averaged within identity across seeds,1,1
-0.512014394508267,-0.18142305863794841,-0.8371872080663035,released,0.3,20,masked_psnr,8,4,oral,paired effect averaged within identity across seeds,1,1
-0.7065448670281238,1.7526574965384456,-2.7170402995839935,adaptive,0.4,20,masked_psnr,8,8,background,paired effect averaged within identity across seeds,1,1
-0.15047658714911485,2.3004953702931337,-1.9981086124044594,released,0.25,20,masked_psnr,8,8,background,paired effect averaged within identity across seeds,1,1
-0.38099394226678884,0.23955360922780747,-1.101783619459914,adaptive,0.45,20,masked_psnr,8,8,eyes,paired effect averaged within identity across seeds,1,1
0.08986472333426895,0.6228313795198557,-0.5071332726080661,released,0.7,20,masked_psnr,8,8,eyes,paired effect averaged within identity across seeds,1,1
-1.841275572329721,-1.1775101131946288,-2.5069100657683383,adaptive,0.15,20,masked_psnr,8,8,flame_supported,paired effect averaged within identity across seeds,1,1
-1.5501116342387622,-1.0340459172520624,-2.0492777178575166,released,0.1,20,masked_psnr,8,8,flame_supported,paired effect averaged within identity across seeds,1,1
3.242171995929767,3.9837829857665246,2.5554147482939915,adaptive,1.0,20,masked_psnr,8,8,flame_unsupported,paired effect averaged within identity across seeds,1,1
2.9634299225700995,3.6124651129509013,2.383077938818128,released,1.0,20,masked_psnr,8,8,flame_unsupported,paired effect averaged within identity across seeds,1,1
2.2105379990830607,2.92133477394364,1.468696466801605,adaptive,0.95,20,masked_psnr,8,8,foreground,paired effect averaged within identity across seeds,1,1
2.061741314787065,2.6727487119815505,1.460203621091148,released,0.95,20,masked_psnr,8,8,foreground,paired effect averaged within identity across seeds,1,1
1.239448032324805,2.129781519021389,0.264350663084532,adaptive,0.8,20,masked_psnr,8,8,full_frame,paired effect averaged within identity across seeds,1,1
1.2550325405626745,1.984387969989542,0.3893231277442309,released,0.8,20,masked_psnr,8,8,full_frame,paired effect averaged within identity across seeds,1,1
-1.028394738317711,-0.5967147378775118,-1.451696251203831,adaptive,0.2,20,masked_psnr,8,8,oral,paired effect averaged within identity across seeds,1,1
-0.433271102125361,-0.10544631634885865,-0.7651538858178141,released,0.3,20,masked_psnr,8,8,oral,paired effect averaged within identity across seeds,1,1
-2.1905933020649018,0.5744828464419008,-4.264520498540938,adaptive,0.1,20,masked_psnr,32,1,background,paired effect averaged within identity across seeds,1,1
-2.8587017116624116,-1.1495031695937445,-4.574210463433808,released,0.25,20,masked_psnr,32,1,background,paired effect averaged within identity across seeds,1,1
0.03239002318748572,0.44083327188971194,-0.32905342928879255,adaptive,0.6,20,masked_psnr,32,1,eyes,paired effect averaged within identity across seeds,1,1
-0.5510108415031457,-0.060727843717231014,-1.0601303204477484,released,0.3,20,masked_psnr,32,1,eyes,paired effect averaged within identity across seeds,1,1
-0.5513660231410833,0.0730863090440877,-1.2156481683310154,adaptive,0.45,20,masked_psnr,32,1,flame_supported,paired effect averaged within identity across seeds,1,1
-0.39945616336039746,0.1513732485976221,-0.9894422559850632,released,0.5,20,masked_psnr,32,1,flame_supported,paired effect averaged within identity across seeds,1,1
5.6243599095775245,6.642121870120718,4.498303061278443,adaptive,0.95,20,masked_psnr,32,1,flame_unsupported,paired effect averaged within identity across seeds,1,1
5.753042771260713,6.757995331093164,4.6543347235907895,released,0.95,20,masked_psnr,32,1,flame_unsupported,paired effect averaged within identity across seeds,1,1
4.1039041238560685,4.958190408690306,3.100521574667568,adaptive,0.9,20,masked_psnr,32,1,foreground,paired effect averaged within identity across seeds,1,1
4.251324098961417,5.100362307086607,3.2791012664917543,released,0.9,20,masked_psnr,32,1,foreground,paired effect averaged within identity across seeds,1,1
2.2905341055103583,3.075389213075817,1.399900203382228,adaptive,0.9,20,masked_psnr,32,1,full_frame,paired effect averaged within identity across seeds,1,1
2.324434621254343,3.0823575517419743,1.4884252768679571,released,0.85,20,masked_psnr,32,1,full_frame,paired effect averaged within identity across seeds,1,1
-0.6197639200601218,-0.28487963639028413,-0.9581075473732111,adaptive,0.15,20,masked_psnr,32,1,oral,paired effect averaged within identity across seeds,1,1
-0.6036728507404993,-0.29118529063660964,-0.9110126884699973,released,0.2,20,masked_psnr,32,1,oral,paired effect averaged within identity across seeds,1,1
-2.5536250802364746,-0.5086155805251446,-4.323070069434277,adaptive,0.1,20,masked_psnr,32,4,background,paired effect averaged within identity across seeds,1,1
-2.8084286943542276,-0.9297294768583584,-4.561340969387888,released,0.25,20,masked_psnr,32,4,background,paired effect averaged within identity across seeds,1,1
-0.03159315651468049,0.3456807489355317,-0.3895571915247933,adaptive,0.5,20,masked_psnr,32,4,eyes,paired effect averaged within identity across seeds,1,1
-0.6342727264345029,-0.17423223321739614,-1.0872388420215682,released,0.2,20,masked_psnr,32,4,eyes,paired effect averaged within identity across seeds,1,1
-0.5910291943838736,0.07958612084661303,-1.2677968799464252,adaptive,0.4,20,masked_psnr,32,4,flame_supported,paired effect averaged within identity across seeds,1,1
-0.4015088610155114,0.18392930297041843,-1.0127698875306292,released,0.45,20,masked_psnr,32,4,flame_supported,paired effect averaged within identity across seeds,1,1
5.727120033441193,6.739164820815828,4.601251125505613,adaptive,0.95,20,masked_psnr,32,4,flame_unsupported,paired effect averaged within identity across seeds,1,1
5.918399483013857,6.760402303826823,4.941578512915334,released,0.95,20,masked_psnr,32,4,flame_unsupported,paired effect averaged within identity across seeds,1,1
4.2426762836239575,5.076530675904357,3.268337972444011,adaptive,0.9,20,masked_psnr,32,4,foreground,paired effect averaged within identity across seeds,1,1
4.431746656642371,5.209842288276144,3.5232834417872705,released,0.95,20,masked_psnr,32,4,foreground,paired effect averaged within identity across seeds,1,1
2.3809288430414943,3.1687452497307147,1.5596219608102913,adaptive,0.85,20,masked_psnr,32,4,full_frame,paired effect averaged within identity across seeds,1,1
2.433806436798559,3.164006921516017,1.6469547063146524,released,0.9,20,masked_psnr,32,4,full_frame,paired effect averaged within identity across seeds,1,1
-0.7481699936133848,-0.44006236337457016,-1.0721324458612478,adaptive,0.15,20,masked_psnr,32,4,oral,paired effect averaged within identity across seeds,1,1
-0.9743898759711653,-0.611333693460468,-1.3216610394560129,released,0.15,20,masked_psnr,32,4,oral,paired effect averaged within identity across seeds,1,1
-2.23262848533022,0.2443716693468274,-4.163433276515829,adaptive,0.2,20,masked_psnr,32,8,background,paired effect averaged within identity across seeds,1,1
-2.777518055518663,-0.8687359849014604,-4.517758534160645,released,0.25,20,masked_psnr,32,8,background,paired effect averaged within identity across seeds,1,1
0.023595722307533862,0.36494654529926424,-0.30057136841889737,adaptive,0.45,20,masked_psnr,32,8,eyes,paired effect averaged within identity across seeds,1,1
-0.47711391127030556,-0.008861600158500894,-0.9640294929408425,released,0.45,20,masked_psnr,32,8,eyes,paired effect averaged within identity across seeds,1,1
-0.6313572615177308,0.013945253663635873,-1.2876246073533089,adaptive,0.4,20,masked_psnr,32,8,flame_supported,paired effect averaged within identity across seeds,1,1
-0.44224178983689066,0.10397384370648492,-0.9809868389318421,released,0.35,20,masked_psnr,32,8,flame_supported,paired effect averaged within identity across seeds,1,1
5.80112158242657,6.769782298974049,4.667621963683729,adaptive,0.95,20,masked_psnr,32,8,flame_unsupported,paired effect averaged within identity across seeds,1,1
5.971923628819184,6.845095905384199,4.955811013695396,released,0.95,20,masked_psnr,32,8,flame_unsupported,paired effect averaged within identity across seeds,1,1
4.362923290717335,5.202544190657918,3.3962493471994266,adaptive,0.9,20,masked_psnr,32,8,foreground,paired effect averaged within identity across seeds,1,1
4.5219109033515945,5.3226324374973,3.594579825228612,released,0.95,20,masked_psnr,32,8,foreground,paired effect averaged within identity across seeds,1,1
2.471433434593412,3.3100550576315086,1.6299610305879495,adaptive,0.85,20,masked_psnr,32,8,full_frame,paired effect averaged within identity across seeds,1,1
2.4668641551839365,3.244886468289082,1.6728690545517584,released,0.85,20,masked_psnr,32,8,full_frame,paired effect averaged within identity across seeds,1,1
-0.7835467139818305,-0.46726439830345085,-1.1282969533859937,adaptive,0.2,20,masked_psnr,32,8,oral,paired effect averaged within identity across seeds,1,1
-0.9210904359463935,-0.5720294142241618,-1.2580794020501922,released,0.15,20,masked_psnr,32,8,oral,paired effect averaged within identity across seeds,1,1
-2.388076466559872,-1.3460138045914025,-3.4346248339870815,adaptive,0.1,20,masked_psnr,128,1,background,paired effect averaged within identity across seeds,1,1
-2.2599439315036634,-1.2053659833657722,-3.2592366213959707,released,0.1,20,masked_psnr,128,1,background,paired effect averaged within identity across seeds,1,1
0.002973669837159143,0.3687143646372058,-0.37399463927945653,adaptive,0.55,20,masked_psnr,128,1,eyes,paired effect averaged within identity across seeds,1,1
-0.030805071590357967,0.2455660254464542,-0.2961880355920156,released,0.45,20,masked_psnr,128,1,eyes,paired effect averaged within identity across seeds,1,1
0.17325525203628356,0.6649354569021221,-0.31484538258886535,adaptive,0.5,20,masked_psnr,128,1,flame_supported,paired effect averaged within identity across seeds,1,1
0.1127028247709326,0.6987411858312099,-0.47002183142543424,released,0.5,20,masked_psnr,128,1,flame_supported,paired effect averaged within identity across seeds,1,1
6.015522652803043,7.252108372641264,4.756360797578429,adaptive,1.0,20,masked_psnr,128,1,flame_unsupported,paired effect averaged within identity across seeds,1,1
6.384467674810475,7.670594602415631,5.0512057572209335,released,0.95,20,masked_psnr,128,1,flame_unsupported,paired effect averaged within identity across seeds,1,1
4.593481517844458,5.549069769102631,3.554566923822133,adaptive,0.95,20,masked_psnr,128,1,foreground,paired effect averaged within identity across seeds,1,1
4.821692265027616,5.876152718530607,3.685121814979234,released,0.95,20,masked_psnr,128,1,foreground,paired effect averaged within identity across seeds,1,1
2.8741321426835755,3.6227585046501734,2.1060021779696143,adaptive,0.9,20,masked_psnr,128,1,full_frame,paired effect averaged within identity across seeds,1,1
3.0899893879535734,3.8677937565507396,2.287937215417773,released,0.9,20,masked_psnr,128,1,full_frame,paired effect averaged within identity across seeds,1,1
-0.3434974237972101,-0.027170052235593607,-0.6709709678939862,adaptive,0.4,20,masked_psnr,128,1,oral,paired effect averaged within identity across seeds,1,1
-0.09632169660361338,0.14915823908590456,-0.33893878038830744,released,0.45,20,masked_psnr,128,1,oral,paired effect averaged within identity across seeds,1,1
-2.386896985644019,-1.0691009952830801,-3.543844055052452,adaptive,0.05,20,masked_psnr,128,4,background,paired effect averaged within identity across seeds,1,1
-2.2766195555319473,-1.143740489928492,-3.420828730452917,released,0.2,20,masked_psnr,128,4,background,paired effect averaged within identity across seeds,1,1
-0.008956983710266542,0.314795551903514,-0.34008469921012485,adaptive,0.55,20,masked_psnr,128,4,eyes,paired effect averaged within identity across seeds,1,1
0.03854703765546983,0.3015253259586032,-0.21254665015615137,released,0.5,20,masked_psnr,128,4,eyes,paired effect averaged within identity across seeds,1,1
-0.08299285174757323,0.4652561104840077,-0.6171893528789509,adaptive,0.4,20,masked_psnr,128,4,flame_supported,paired effect averaged within identity across seeds,1,1
0.06674603484086408,0.7130123232659455,-0.5490987118491469,released,0.5,20,masked_psnr,128,4,flame_supported,paired effect averaged within identity across seeds,1,1
5.87926277507019,7.109257709359921,4.646734194811177,adaptive,1.0,20,masked_psnr,128,4,flame_unsupported,paired effect averaged within identity across seeds,1,1
6.351586861032236,7.652699592594842,5.0253880451260935,released,1.0,20,masked_psnr,128,4,flame_unsupported,paired effect averaged within identity across seeds,1,1
4.514424674829941,5.474786065815206,3.515593889061122,adaptive,0.95,20,masked_psnr,128,4,foreground,paired effect averaged within identity across seeds,1,1
4.883703919355712,5.911037219680074,3.7999443099479637,released,1.0,20,masked_psnr,128,4,foreground,paired effect averaged within identity across seeds,1,1
2.741969067446768,3.437960636138721,2.017454331828996,adaptive,0.95,20,masked_psnr,128,4,full_frame,paired effect averaged within identity across seeds,1,1
3.0666817914103204,3.802184098676668,2.331024770311356,released,1.0,20,masked_psnr,128,4,full_frame,paired effect averaged within identity across seeds,1,1
-0.6465462353765545,-0.3064812422437404,-0.9960249389665905,adaptive,0.2,20,masked_psnr,128,4,oral,paired effect averaged within identity across seeds,1,1
-0.3527336775750191,0.007035554636103276,-0.6869933414003857,released,0.3,20,masked_psnr,128,4,oral,paired effect averaged within identity across seeds,1,1
-2.2650085653330962,-0.6968991373952245,-3.5815393810615404,adaptive,0.05,20,masked_psnr,128,8,background,paired effect averaged within identity across seeds,1,1
-2.438683838360199,-1.2356372612196382,-3.6449692809255483,released,0.15,20,masked_psnr,128,8,background,paired effect averaged within identity across seeds,1,1
0.08285969106844196,0.39931143119126633,-0.24592402687948534,adaptive,0.5,20,masked_psnr,128,8,eyes,paired effect averaged within identity across seeds,1,1
0.1579043208464274,0.4339659734924252,-0.09822164918377421,released,0.6,20,masked_psnr,128,8,eyes,paired effect averaged within identity across seeds,1,1
-0.11945179390039913,0.4413202729437839,-0.6634611436426077,adaptive,0.4,20,masked_psnr,128,8,flame_supported,paired effect averaged within identity across seeds,1,1
0.06651239699694181,0.6941277921260138,-0.549980664656388,released,0.45,20,masked_psnr,128,8,flame_supported,paired effect averaged within identity across seeds,1,1
6.209950481133392,7.462208146885344,4.9428113144630155,adaptive,1.0,20,masked_psnr,128,8,flame_unsupported,paired effect averaged within identity across seeds,1,1
6.568129464512859,7.839712238075723,5.2630981885056345,released,1.0,20,masked_psnr,128,8,flame_unsupported,paired effect averaged within identity across seeds,1,1
4.774038357554158,5.775147408816616,3.704150853614854,adaptive,1.0,20,masked_psnr,128,8,foreground,paired effect averaged within identity across seeds,1,1
5.0798973270746455,6.133025785834178,3.966384979490284,released,1.0,20,masked_psnr,128,8,foreground,paired effect averaged within identity across seeds,1,1
2.8474699706328597,3.5600403107674645,2.1237851480502696,adaptive,0.95,20,masked_psnr,128,8,full_frame,paired effect averaged within identity across seeds,1,1
3.0834870380613353,3.8231153227498953,2.345703738076187,released,1.0,20,masked_psnr,128,8,full_frame,paired effect averaged within identity across seeds,1,1
-0.6563747628965866,-0.3028548318258015,-1.0222713598423672,adaptive,0.3,20,masked_psnr,128,8,oral,paired effect averaged within identity across seeds,1,1
-0.36417059980774874,-0.03447614466237739,-0.6797963116253075,released,0.35,20,masked_psnr,128,8,oral,paired effect averaged within identity across seeds,1,1
-1.8337071957213074,0.3168652124511921,-3.432078859941616,adaptive,0.15,20,masked_psnr,384,1,background,paired effect averaged within identity across seeds,1,1
-1.8388705037887498,-0.9973879389751513,-2.751129685621884,released,0.15,20,masked_psnr,384,1,background,paired effect averaged within identity across seeds,1,1
0.34541725057602124,0.6510133902450749,0.04254907964747879,adaptive,0.75,20,masked_psnr,384,1,eyes,paired effect averaged within identity across seeds,1,1
-0.14576027799846222,0.230512155292173,-0.5368992855199921,released,0.45,20,masked_psnr,384,1,eyes,paired effect averaged within identity across seeds,1,1
0.12443200287530018,0.5907420161064098,-0.3543789685410213,adaptive,0.55,20,masked_psnr,384,1,flame_supported,paired effect averaged within identity across seeds,1,1
0.1442492878656087,0.659586839014935,-0.36014928922665584,released,0.45,20,masked_psnr,384,1,flame_supported,paired effect averaged within identity across seeds,1,1
6.2853799152583205,7.568195587914275,4.927329552567203,adaptive,1.0,20,masked_psnr,384,1,flame_unsupported,paired effect averaged within identity across seeds,1,1
6.741005221442753,7.914199272254853,5.522592835742586,released,1.0,20,masked_psnr,384,1,flame_unsupported,paired effect averaged within identity across seeds,1,1
4.770731158634565,5.788313385708082,3.6582414459206047,adaptive,0.9,20,masked_psnr,384,1,foreground,paired effect averaged within identity across seeds,1,1
5.071841656831172,6.043262515738831,4.03162273504533,released,1.0,20,masked_psnr,384,1,foreground,paired effect averaged within identity across seeds,1,1
2.9607480608704657,3.7048898653498124,2.1784500032007528,adaptive,0.9,20,masked_psnr,384,1,full_frame,paired effect averaged within identity across seeds,1,1
3.4579502123056782,4.191605095456922,2.685744673811475,released,0.95,20,masked_psnr,384,1,full_frame,paired effect averaged within identity across seeds,1,1
-0.48399462934039034,-0.2315091666651987,-0.7309109304615101,adaptive,0.25,20,masked_psnr,384,1,oral,paired effect averaged within identity across seeds,1,1
-0.4680733364568086,-0.15602522874482624,-0.7741845142253749,released,0.3,20,masked_psnr,384,1,oral,paired effect averaged within identity across seeds,1,1
-2.209414408553885,-0.3601261823056356,-3.75213975950039,adaptive,0.05,20,masked_psnr,384,4,background,paired effect averaged within identity across seeds,1,1
-2.2509339739436744,-1.4097373053166598,-3.1577450455539813,released,0.1,20,masked_psnr,384,4,background,paired effect averaged within identity across seeds,1,1
0.19525969014138464,0.4835475613048362,-0.07740635602147766,adaptive,0.65,20,masked_psnr,384,4,eyes,paired effect averaged within identity across seeds,1,1
0.036314412738211385,0.3995319131244393,-0.30421727630615836,released,0.45,20,masked_psnr,384,4,eyes,paired effect averaged within identity across seeds,1,1
-0.05125764421877976,0.42034549144996664,-0.5138521409704825,adaptive,0.45,20,masked_psnr,384,4,flame_supported,paired effect averaged within identity across seeds,1,1
0.19637862650793467,0.7309710333072053,-0.3363464433273439,released,0.55,20,masked_psnr,384,4,flame_supported,paired effect averaged within identity across seeds,1,1
6.217683416656806,7.4642592690610305,4.890536152331008,adaptive,1.0,20,masked_psnr,384,4,flame_unsupported,paired effect averaged within identity across seeds,1,1
6.684917254468826,7.8744518033779505,5.450300347076053,released,1.0,20,masked_psnr,384,4,flame_unsupported,paired effect averaged within identity across seeds,1,1
4.76149401274057,5.7349682756684155,3.695484149265004,adaptive,0.95,20,masked_psnr,384,4,foreground,paired effect averaged within identity across seeds,1,1
5.156930001985998,6.107461758970719,4.126109847115501,released,1.0,20,masked_psnr,384,4,foreground,paired effect averaged within identity across seeds,1,1
2.8802962478858687,3.5586970768133646,2.1554790263453496,adaptive,0.95,20,masked_psnr,384,4,full_frame,paired effect averaged within identity across seeds,1,1
3.3893928618112854,4.069075751016065,2.65649045220048,released,1.0,20,masked_psnr,384,4,full_frame,paired effect averaged within identity across seeds,1,1
-0.6165771503564083,-0.35561602468844655,-0.8702437741349637,adaptive,0.15,20,masked_psnr,384,4,oral,paired effect averaged within identity across seeds,1,1
-0.6011654997662031,-0.2924773586903401,-0.9072832729191843,released,0.2,20,masked_psnr,384,4,oral,paired effect averaged within identity across seeds,1,1
-2.120588003381169,-0.30468517006045603,-3.5344125153971,adaptive,0.05,20,masked_psnr,384,8,background,paired effect averaged within identity across seeds,1,1
-2.370580077144942,-1.4959875708527548,-3.327195258114185,released,0.15,20,masked_psnr,384,8,background,paired effect averaged within identity across seeds,1,1
0.33256774242554243,0.601996097417923,0.05980832918059081,adaptive,0.7,20,masked_psnr,384,8,eyes,paired effect averaged within identity across seeds,1,1
0.07411974182657186,0.43868838567888613,-0.2978498539720225,released,0.55,20,masked_psnr,384,8,eyes,paired effect averaged within identity across seeds,1,1
-0.10391047579253962,0.4162316000765433,-0.6077598156741908,adaptive,0.45,20,masked_psnr,384,8,flame_supported,paired effect averaged within identity across seeds,1,1
0.15925054036429104,0.7217125551095557,-0.40094508426177794,released,0.55,20,masked_psnr,384,8,flame_supported,paired effect averaged within identity across seeds,1,1
6.305331921920996,7.593602809348308,4.9764082232347695,adaptive,1.0,20,masked_psnr,384,8,flame_unsupported,paired effect averaged within identity across seeds,1,1
6.839049770795623,8.023922274439053,5.597835025203646,released,1.0,20,masked_psnr,384,8,flame_unsupported,paired effect averaged within identity across seeds,1,1
4.859615987191323,5.8747266257347395,3.774985351414427,adaptive,0.95,20,masked_psnr,384,8,foreground,paired effect averaged within identity across seeds,1,1
5.28618717012506,6.2356346522254515,4.232363745731636,released,1.0,20,masked_psnr,384,8,foreground,paired effect averaged within identity across seeds,1,1
2.94112222832193,3.662582878737784,2.190850692872921,adaptive,0.9,20,masked_psnr,384,8,full_frame,paired effect averaged within identity across seeds,1,1
3.3610379926518923,4.05660041720166,2.6474632738856516,released,0.95,20,masked_psnr,384,8,full_frame,paired effect averaged within identity across seeds,1,1
-0.6690076670466661,-0.40439152467268225,-0.9401959720935205,adaptive,0.2,20,masked_psnr,384,8,oral,paired effect averaged within identity across seeds,1,1
-0.6283328889714335,-0.30008842519532736,-0.9428238898342118,released,0.2,20,masked_psnr,384,8,oral,paired effect averaged within identity across seeds,1,1
-1.2096344900228997,1.5771831312995712,-3.4155343915597762,adaptive,0.3,20,masked_psnr,8,1,background,paired effect averaged within identity across seeds,1,2
-1.2613457704736004,1.1622534625366447,-3.0917474139562544,released,0.15,20,masked_psnr,8,1,background,paired effect averaged within identity across seeds,1,2
-0.13608427852737287,0.4496277720217101,-0.8834537254524095,adaptive,0.55,20,masked_psnr,8,1,eyes,paired effect averaged within identity across seeds,1,2
-0.2888129642777342,0.27852994127544384,-0.9815201697593209,released,0.5,20,masked_psnr,8,1,eyes,paired effect averaged within identity across seeds,1,2
-1.8441181364999983,-1.1899578768774723,-2.5106230004989354,adaptive,0.1,20,masked_psnr,8,1,flame_supported,paired effect averaged within identity across seeds,1,2
-1.7463234536912176,-1.202699922667264,-2.372424097714936,released,0.0,20,masked_psnr,8,1,flame_supported,paired effect averaged within identity across seeds,1,2
2.8920729529301696,3.872826509014484,1.8446830800186702,adaptive,0.95,20,masked_psnr,8,1,flame_unsupported,paired effect averaged within identity across seeds,1,2
2.4183650275624786,3.2812328640385973,1.4986787766203666,released,0.9,20,masked_psnr,8,1,flame_unsupported,paired effect averaged within identity across seeds,1,2
1.8474572575293835,2.7500191114324988,0.8726718441397688,adaptive,0.85,20,masked_psnr,8,1,foreground,paired effect averaged within identity across seeds,1,2
1.5064907445059448,2.299650846199656,0.6277973313707647,released,0.9,20,masked_psnr,8,1,foreground,paired effect averaged within identity across seeds,1,2
0.90424587821975,1.9548516436259453,-0.23289606686812353,adaptive,0.75,20,masked_psnr,8,1,full_frame,paired effect averaged within identity across seeds,1,2
0.6548189022065114,1.5344096416801425,-0.3463849251962528,released,0.75,20,masked_psnr,8,1,full_frame,paired effect averaged within identity across seeds,1,2
-0.8315913168415886,-0.48406716223001267,-1.1861606851861919,adaptive,0.1,20,masked_psnr,8,1,oral,paired effect averaged within identity across seeds,1,2
-0.469935731835724,-0.19530970478753626,-0.7466216077953426,released,0.2,20,masked_psnr,8,1,oral,paired effect averaged within identity across seeds,1,2
-0.8189159940150412,1.6979588073018372,-2.98913513945908,adaptive,0.4,20,masked_psnr,8,4,background,paired effect averaged within identity across seeds,1,2
-0.8988044245410618,1.5909624988638815,-2.8777722694168735,released,0.25,20,masked_psnr,8,4,background,paired effect averaged within identity across seeds,1,2
-0.5596106828466165,-0.03864893422329444,-1.11429735845535,adaptive,0.35,20,masked_psnr,8,4,eyes,paired effect averaged within identity across seeds,1,2
-0.6626358699190019,-0.056292267183272675,-1.375553551112847,released,0.5,20,masked_psnr,8,4,eyes,paired effect averaged within identity across seeds,1,2
-1.8292042098173735,-1.2103764130944061,-2.5205727975621195,adaptive,0.15,20,masked_psnr,8,4,flame_supported,paired effect averaged within identity across seeds,1,2
-1.7672350012984641,-1.2474491398234568,-2.3675504550389994,released,0.0,20,masked_psnr,8,4,flame_supported,paired effect averaged within identity across seeds,1,2
2.8766819839060322,3.58467182110984,2.1589389041240223,adaptive,0.95,20,masked_psnr,8,4,flame_unsupported,paired effect averaged within identity across seeds,1,2
2.742833313908741,3.413795796380418,2.0672234893804227,released,0.95,20,masked_psnr,8,4,flame_unsupported,paired effect averaged within identity across seeds,1,2
1.891779194931696,2.561472637936267,1.0948302752975083,adaptive,0.9,20,masked_psnr,8,4,foreground,paired effect averaged within identity across seeds,1,2
1.7918805930417065,2.4450624458077894,1.0747770429226704,released,0.9,20,masked_psnr,8,4,foreground,paired effect averaged within identity across seeds,1,2
0.9727662079038014,1.860872226263817,-0.049631716806474845,adaptive,0.8,20,masked_psnr,8,4,full_frame,paired effect averaged within identity across seeds,1,2
0.8850081364554768,1.7012920375948615,-0.07905539210782919,released,0.8,20,masked_psnr,8,4,full_frame,paired effect averaged within identity across seeds,1,2
-0.9601067980309999,-0.6619359712074206,-1.2422476538166825,adaptive,0.1,20,masked_psnr,8,4,oral,paired effect averaged within identity across seeds,1,2
-0.7084000158729422,-0.34807303207586804,-1.0688346361090348,released,0.2,20,masked_psnr,8,4,oral,paired effect averaged within identity across seeds,1,2
-0.9316656681595488,1.334256296616643,-2.9823597839106935,adaptive,0.4,20,masked_psnr,8,8,background,paired effect averaged within identity across seeds,1,2
-0.9759575461622314,1.4196721002273143,-2.908050169997771,released,0.25,20,masked_psnr,8,8,background,paired effect averaged within identity across seeds,1,2
-0.43427173985960915,0.05625772077888171,-0.9954117986627565,adaptive,0.4,20,masked_psnr,8,8,eyes,paired effect averaged within identity across seeds,1,2
-0.4108261854961343,0.10878247026382509,-1.0271285440856148,released,0.45,20,masked_psnr,8,8,eyes,paired effect averaged within identity across seeds,1,2
-2.036347046137217,-1.4232216348608324,-2.6974080739148425,adaptive,0.15,20,masked_psnr,8,8,flame_supported,paired effect averaged within identity across seeds,1,2
-1.798534573194355,-1.2642259258924413,-2.4046424338194035,released,0.05,20,masked_psnr,8,8,flame_supported,paired effect averaged within identity across seeds,1,2
2.947055978874663,3.673064145600905,2.242954405797365,adaptive,0.95,20,masked_psnr,8,8,flame_unsupported,paired effect averaged within identity across seeds,1,2
2.8259078272321974,3.51484494039841,2.156489537951443,released,0.95,20,masked_psnr,8,8,flame_unsupported,paired effect averaged within identity across seeds,1,2
1.9153173781144806,2.6152397065412356,1.139266353684429,adaptive,0.9,20,masked_psnr,8,8,foreground,paired effect averaged within identity across seeds,1,2
1.8845339566668506,2.563087204591296,1.1675960288248037,released,0.9,20,masked_psnr,8,8,foreground,paired effect averaged within identity across seeds,1,2
0.9883820981531706,1.916750469668477,-0.04897788212071508,adaptive,0.8,20,masked_psnr,8,8,full_frame,paired effect averaged within identity across seeds,1,2
0.9368612979726834,1.7827730792973722,-0.05034008114227904,released,0.8,20,masked_psnr,8,8,full_frame,paired effect averaged within identity across seeds,1,2
-0.8925989657664755,-0.5689939204944582,-1.2068630168902916,adaptive,0.2,20,masked_psnr,8,8,oral,paired effect averaged within identity across seeds,1,2
-0.599284813685968,-0.2974168468832568,-0.9170113117399851,released,0.15,20,masked_psnr,8,8,oral,paired effect averaged within identity across seeds,1,2
-3.1794116642846753,-1.8636837658393421,-4.5377977655649575,adaptive,0.15,20,masked_psnr,32,1,background,paired effect averaged within identity across seeds,1,2
-2.376497342228822,-0.43081096123685303,-4.214519125636737,released,0.25,20,masked_psnr,32,1,background,paired effect averaged within identity across seeds,1,2
-0.2737871010832221,0.0297522039462455,-0.6207293214788249,adaptive,0.45,20,masked_psnr,32,1,eyes,paired effect averaged within identity across seeds,1,2
-0.5495200297255327,-0.09692378083317003,-0.994515083641792,released,0.4,20,masked_psnr,32,1,eyes,paired effect averaged within identity across seeds,1,2
-0.478412553903558,0.14095732766176555,-1.1468058299997188,adaptive,0.4,20,masked_psnr,32,1,flame_supported,paired effect averaged within identity across seeds,1,2
-0.5551198964066184,0.10773798198319172,-1.2120282330182897,released,0.35,20,masked_psnr,32,1,flame_supported,paired effect averaged within identity across seeds,1,2
5.717072485330177,6.837720988856524,4.50935979074338,adaptive,0.95,20,masked_psnr,32,1,flame_unsupported,paired effect averaged within identity across seeds,1,2
5.473417313184489,6.6252725823530945,4.292527121793638,released,0.95,20,masked_psnr,32,1,flame_unsupported,paired effect averaged within identity across seeds,1,2
4.200653748515573,5.145420023191297,3.1777530395986795,adaptive,0.9,20,masked_psnr,32,1,foreground,paired effect averaged within identity across seeds,1,2
4.055228768162651,5.059531672996585,2.9591847056686564,released,0.9,20,masked_psnr,32,1,foreground,paired effect averaged within identity across seeds,1,2
2.2278066998780717,3.1076269397930742,1.290404778202237,adaptive,0.8,20,masked_psnr,32,1,full_frame,paired effect averaged within identity across seeds,1,2
2.3053252003523808,3.2049631326779298,1.3656125793097567,released,0.85,20,masked_psnr,32,1,full_frame,paired effect averaged within identity across seeds,1,2
-0.6961706666530523,-0.3888313580893675,-0.9941291987295111,adaptive,0.1,20,masked_psnr,32,1,oral,paired effect averaged within identity across seeds,1,2
-0.07893636021478194,0.21269247702171065,-0.3639799634123082,released,0.45,20,masked_psnr,32,1,oral,paired effect averaged within identity across seeds,1,2
-2.5750053812517293,-0.7610526018468767,-4.292258042373235,adaptive,0.25,20,masked_psnr,32,4,background,paired effect averaged within identity across seeds,1,2
-2.0988753363094736,0.416331316509448,-4.311940487238649,released,0.25,20,masked_psnr,32,4,background,paired effect averaged within identity across seeds,1,2
-0.4647072912156247,-0.06238019227366313,-0.8734868478669877,adaptive,0.25,20,masked_psnr,32,4,eyes,paired effect averaged within identity across seeds,1,2
-0.5541571956772682,-0.025041995168930197,-1.1246753112484469,released,0.4,20,masked_psnr,32,4,eyes,paired effect averaged within identity across seeds,1,2
-0.6874973332200848,0.015469255071271325,-1.4336537985382976,adaptive,0.35,20,masked_psnr,32,4,flame_supported,paired effect averaged within identity across seeds,1,2
-0.7264572648912422,0.022828508547648136,-1.4943436346447707,released,0.35,20,masked_psnr,32,4,flame_supported,paired effect averaged within identity across seeds,1,2
5.760866891421303,6.729340253716458,4.689691606944874,adaptive,0.95,20,masked_psnr,32,4,flame_unsupported,paired effect averaged within identity across seeds,1,2
5.516777343924001,6.506294681519792,4.443644828370776,released,0.95,20,masked_psnr,32,4,flame_unsupported,paired effect averaged within identity across seeds,1,2
4.259956803055305,5.122827296438653,3.286731089969778,adaptive,0.9,20,masked_psnr,32,4,foreground,paired effect averaged within identity across seeds,1,2
4.1014115703761345,5.037439367485816,3.087414966946812,released,0.9,20,masked_psnr,32,4,foreground,paired effect averaged within identity across seeds,1,2
2.400366377125213,3.2385790970251747,1.5394743038688927,adaptive,0.85,20,masked_psnr,32,4,full_frame,paired effect averaged within identity across seeds,1,2
2.3723541649390243,3.304894510758779,1.3718032129933788,released,0.8,20,masked_psnr,32,4,full_frame,paired effect averaged within identity across seeds,1,2
-0.9560263164826266,-0.6532717974018553,-1.253010082280845,adaptive,0.05,20,masked_psnr,32,4,oral,paired effect averaged within identity across seeds,1,2
-0.4196295461474392,-0.1357106595098082,-0.7123962852223803,released,0.2,20,masked_psnr,32,4,oral,paired effect averaged within identity across seeds,1,2
-2.5303273584699335,-0.5673814689540349,-4.21527202917236,adaptive,0.2,20,masked_psnr,32,8,background,paired effect averaged within identity across seeds,1,2
-1.995039885534132,0.3010082434094993,-4.026932657230404,released,0.3,20,masked_psnr,32,8,background,paired effect averaged within identity across seeds,1,2
-0.30111578001971234,0.07785460389023341,-0.7159325909250872,adaptive,0.35,20,masked_psnr,32,8,eyes,paired effect averaged within identity across seeds,1,2
-0.39843238690442373,0.09535748707790448,-0.9495082865872057,released,0.45,20,masked_psnr,32,8,eyes,paired effect averaged within identity across seeds,1,2
-0.6441554222060437,0.028943605528093826,-1.3591245666495595,adaptive,0.4,20,masked_psnr,32,8,flame_supported,paired effect averaged within identity across seeds,1,2
-0.7854762316604574,-0.07499949978697147,-1.5281293307480377,released,0.3,20,masked_psnr,32,8,flame_supported,paired effect averaged within identity across seeds,1,2
5.909652766428825,6.87974497869849,4.8536430057072675,adaptive,1.0,20,masked_psnr,32,8,flame_unsupported,paired effect averaged within identity across seeds,1,2
5.561688542370382,6.532262373831619,4.495430199349262,released,0.95,20,masked_psnr,32,8,flame_unsupported,paired effect averaged within identity across seeds,1,2
4.44636367418903,5.320080136126551,3.4707007375192553,adaptive,0.9,20,masked_psnr,32,8,foreground,paired effect averaged within identity across seeds,1,2
4.192348776131154,5.136969551831083,3.156210037296675,released,0.9,20,masked_psnr,32,8,foreground,paired effect averaged within identity across seeds,1,2
2.473750505355466,3.343626895787867,1.597381093247906,adaptive,0.8,20,masked_psnr,32,8,full_frame,paired effect averaged within identity across seeds,1,2
2.461767999716014,3.3506811578124562,1.5189411507590551,released,0.85,20,masked_psnr,32,8,full_frame,paired effect averaged within identity across seeds,1,2
-0.9381034716413259,-0.6180927221069938,-1.250237526998653,adaptive,0.15,20,masked_psnr,32,8,oral,paired effect averaged within identity across seeds,1,2
-0.4198185692345822,-0.1431243028402274,-0.6940389488858911,released,0.2,20,masked_psnr,32,8,oral,paired effect averaged within identity across seeds,1,2
-2.0358993290814267,-1.2035670182113465,-2.944031506789181,adaptive,0.15,20,masked_psnr,128,1,background,paired effect averaged within identity across seeds,1,2
-1.530560632645525,-0.33342111516604234,-2.6763505829919785,released,0.25,20,masked_psnr,128,1,background,paired effect averaged within identity across seeds,1,2
-0.046175762222856596,0.3097455322498305,-0.3899939300919699,adaptive,0.5,20,masked_psnr,128,1,eyes,paired effect averaged within identity across seeds,1,2
-0.12313353218412981,0.2072723737261345,-0.4539630646153228,released,0.45,20,masked_psnr,128,1,eyes,paired effect averaged within identity across seeds,1,2
0.17839308021475428,0.6647255287271656,-0.2784191512432001,adaptive,0.5,20,masked_psnr,128,1,flame_supported,paired effect averaged within identity across seeds,1,2
0.11506034216146058,0.6827131982674192,-0.48547479508159713,released,0.5,20,masked_psnr,128,1,flame_supported,paired effect averaged within identity across seeds,1,2
5.69738170609105,7.0345227522301625,4.311811471918375,adaptive,1.0,20,masked_psnr,128,1,flame_unsupported,paired effect averaged within identity across seeds,1,2
6.246459897921044,7.5350449574618645,4.884476294082341,released,1.0,20,masked_psnr,128,1,flame_unsupported,paired effect averaged within identity across seeds,1,2
4.352472256174224,5.392703733658426,3.226198887390095,adaptive,0.9,20,masked_psnr,128,1,foreground,paired effect averaged within identity across seeds,1,2
4.734450484619624,5.826976611446837,3.5748586695066127,released,0.95,20,masked_psnr,128,1,foreground,paired effect averaged within identity across seeds,1,2
2.85102163928358,3.550551786923188,2.1292977815471046,adaptive,0.95,20,masked_psnr,128,1,full_frame,paired effect averaged within identity across seeds,1,2
3.1229345761748943,3.9561642544494986,2.2702412782659205,released,0.95,20,masked_psnr,128,1,full_frame,paired effect averaged within identity across seeds,1,2
-0.785049090228639,-0.4629782935493289,-1.107748929076199,adaptive,0.2,20,masked_psnr,128,1,oral,paired effect averaged within identity across seeds,1,2
-0.30266926980526615,0.011555163501840101,-0.6450702382661682,released,0.4,20,masked_psnr,128,1,oral,paired effect averaged within identity across seeds,1,2
-2.2527639726549684,-1.1578225487525342,-3.428019752452676,adaptive,0.15,20,masked_psnr,128,4,background,paired effect averaged within identity across seeds,1,2
-1.7996413808811318,-0.008321106786125009,-3.4859770400264054,released,0.25,20,masked_psnr,128,4,background,paired effect averaged within identity across seeds,1,2
-0.12914540903173766,0.2393147533660363,-0.48018834713935304,adaptive,0.5,20,masked_psnr,128,4,eyes,paired effect averaged within identity across seeds,1,2
0.06366302402834947,0.3627949498497228,-0.2512742873527906,released,0.55,20,masked_psnr,128,4,eyes,paired effect averaged within identity across seeds,1,2
0.0805886237825952,0.5564923201794747,-0.3750970609952393,adaptive,0.4,20,masked_psnr,128,4,flame_supported,paired effect averaged within identity across seeds,1,2
0.029435791913591736,0.6179942027087064,-0.5429744631482146,released,0.45,20,masked_psnr,128,4,flame_supported,paired effect averaged within identity across seeds,1,2
5.620342624586458,7.000564125251455,4.184718704062079,adaptive,1.0,20,masked_psnr,128,4,flame_unsupported,paired effect averaged within identity across seeds,1,2
6.266111718284252,7.5299406655941885,4.9532395564625356,released,1.0,20,masked_psnr,128,4,flame_unsupported,paired effect averaged within identity across seeds,1,2
4.331077177827554,5.36521125650038,3.2510233144182052,adaptive,0.95,20,masked_psnr,128,4,foreground,paired effect averaged within identity across seeds,1,2
4.819401655931506,5.828926670842604,3.746860432676957,released,1.0,20,masked_psnr,128,4,foreground,paired effect averaged within identity across seeds,1,2
2.664884896735778,3.3773277988843797,1.9466937542750462,adaptive,0.95,20,masked_psnr,128,4,full_frame,paired effect averaged within identity across seeds,1,2
2.9936736562468815,3.7147618798011734,2.2849926162953724,released,1.0,20,masked_psnr,128,4,full_frame,paired effect averaged within identity across seeds,1,2
-1.0268902299564895,-0.6643647923708574,-1.4041100713684636,adaptive,0.1,20,masked_psnr,128,4,oral,paired effect averaged within identity across seeds,1,2
-0.522535120432031,-0.2700566376714145,-0.7891297699216616,released,0.1,20,masked_psnr,128,4,oral,paired effect averaged within identity across seeds,1,2
-2.044896656678019,-0.6734580864941134,-3.329080529775786,adaptive,0.15,20,masked_psnr,128,8,background,paired effect averaged within identity across seeds,1,2
-1.8635767087585247,0.11737606802775809,-3.7365703984664824,released,0.2,20,masked_psnr,128,8,background,paired effect averaged within identity across seeds,1,2
0.07853051957081636,0.4425173073821147,-0.290765898546283,adaptive,0.65,20,masked_psnr,128,8,eyes,paired effect averaged within identity across seeds,1,2
0.2138530087544744,0.5161821466406172,-0.10907505557607702,released,0.6,20,masked_psnr,128,8,eyes,paired effect averaged within identity across seeds,1,2
0.05535309367199215,0.5383375262016072,-0.427543427505399,adaptive,0.45,20,masked_psnr,128,8,flame_supported,paired effect averaged within identity across seeds,1,2
0.015794315541266358,0.5897868466532417,-0.544382152031105,released,0.45,20,masked_psnr,128,8,flame_supported,paired effect averaged within identity across seeds,1,2
5.762965622276913,7.1375012942401606,4.374554211500162,adaptive,1.0,20,masked_psnr,128,8,flame_unsupported,paired effect averaged within identity across seeds,1,2
6.42105008755248,7.6821394717492515,5.117287684230677,released,1.0,20,masked_psnr,128,8,flame_unsupported,paired effect averaged within identity across seeds,1,2
4.479402425257852,5.503926458037891,3.3673172463915564,adaptive,0.95,20,masked_psnr,128,8,foreground,paired effect averaged within identity across seeds,1,2
4.967545642765226,5.997835007890728,3.861269579203441,released,1.0,20,masked_psnr,128,8,foreground,paired effect averaged within identity across seeds,1,2
2.7615855708644634,3.4682904039527847,2.0480765056972685,adaptive,0.95,20,masked_psnr,128,8,full_frame,paired effect averaged within identity across seeds,1,2
3.0203532170979215,3.7773165972272835,2.2971483732580493,released,1.0,20,masked_psnr,128,8,full_frame,paired effect averaged within identity across seeds,1,2
-0.9664805205777688,-0.5837940473564665,-1.3593642401096666,adaptive,0.2,20,masked_psnr,128,8,oral,paired effect averaged within identity across seeds,1,2
-0.5062391612756267,-0.27468817522176836,-0.7606645035381772,released,0.15,20,masked_psnr,128,8,oral,paired effect averaged within identity across seeds,1,2
-1.8568197924759082,-0.08946810824928346,-3.2467242653032478,adaptive,0.1,20,masked_psnr,384,1,background,paired effect averaged within identity across seeds,1,2
-2.147691769836155,-1.0501903795332597,-3.392365511138568,released,0.15,20,masked_psnr,384,1,background,paired effect averaged within identity across seeds,1,2
0.07160809856019305,0.41129421306819464,-0.2807856089429042,adaptive,0.6,20,masked_psnr,384,1,eyes,paired effect averaged within identity across seeds,1,2
-0.13385547147702095,0.3170502637161174,-0.6141568973842013,released,0.45,20,masked_psnr,384,1,eyes,paired effect averaged within identity across seeds,1,2
-0.0511901630166105,0.4846033117011221,-0.5805661293885878,adaptive,0.5,20,masked_psnr,384,1,flame_supported,paired effect averaged within identity across seeds,1,2
0.22543722903052066,0.7818426737640428,-0.3485745235857652,released,0.5,20,masked_psnr,384,1,flame_supported,paired effect averaged within identity across seeds,1,2
6.050327909422898,7.235426006007756,4.791579084450348,adaptive,1.0,20,masked_psnr,384,1,flame_unsupported,paired effect averaged within identity across seeds,1,2
6.920265816113412,8.169794123869318,5.601679168227687,released,1.0,20,masked_psnr,384,1,flame_unsupported,paired effect averaged within identity across seeds,1,2
4.555793910908457,5.52131167175302,3.4556568782362045,adaptive,0.95,20,masked_psnr,384,1,foreground,paired effect averaged within identity across seeds,1,2
5.181070956470771,6.206338320324952,4.109804153228586,released,0.95,20,masked_psnr,384,1,foreground,paired effect averaged within identity across seeds,1,2
2.8859338276764417,3.6258514590710504,2.0937475757274018,adaptive,0.95,20,masked_psnr,384,1,full_frame,paired effect averaged within identity across seeds,1,2
3.371677135040609,4.1044386329087414,2.6256731058115443,released,1.0,20,masked_psnr,384,1,full_frame,paired effect averaged within identity across seeds,1,2
-0.7663818984799473,-0.4269350699908426,-1.1142213534751164,adaptive,0.15,20,masked_psnr,384,1,oral,paired effect averaged within identity across seeds,1,2
-0.7210903338219321,-0.3946799322943029,-1.0626972869666904,released,0.2,20,masked_psnr,384,1,oral,paired effect averaged within identity across seeds,1,2
-1.8448970070514712,0.09440279586931355,-3.280166224148472,adaptive,0.05,20,masked_psnr,384,4,background,paired effect averaged within identity across seeds,1,2
-2.492778419474495,-1.4440525278027188,-3.731433045468265,released,0.1,20,masked_psnr,384,4,background,paired effect averaged within identity across seeds,1,2
-0.05209974416870189,0.2985166413872241,-0.37413113932733055,adaptive,0.55,20,masked_psnr,384,4,eyes,paired effect averaged within identity across seeds,1,2
0.013224928015662663,0.4772831790658663,-0.47654888816915425,released,0.5,20,masked_psnr,384,4,eyes,paired effect averaged within identity across seeds,1,2
-0.3419247427059364,0.1733046830003804,-0.8458942976697356,adaptive,0.4,20,masked_psnr,384,4,flame_supported,paired effect averaged within identity across seeds,1,2
0.08025590038876267,0.6982128416568555,-0.5243408985590358,released,0.5,20,masked_psnr,384,4,flame_supported,paired effect averaged within identity across seeds,1,2
6.054466779357439,7.159802573456074,4.901875507691553,adaptive,1.0,20,masked_psnr,384,4,flame_unsupported,paired effect averaged within identity across seeds,1,2
6.850921519963417,8.031617007644536,5.632303648218056,released,1.0,20,masked_psnr,384,4,flame_unsupported,paired effect averaged within identity across seeds,1,2
4.573358160853523,5.477391913329061,3.5967825870850385,adaptive,0.95,20,masked_psnr,384,4,foreground,paired effect averaged within identity across seeds,1,2
5.220434597703884,6.209046499307084,4.162763950147105,released,1.0,20,masked_psnr,384,4,foreground,paired effect averaged within identity across seeds,1,2
2.854148224240572,3.5441088618121905,2.1164552204930764,adaptive,0.9,20,masked_psnr,384,4,full_frame,paired effect averaged within identity across seeds,1,2
3.3099749754200722,4.034826610948041,2.574626724409001,released,1.0,20,masked_psnr,384,4,full_frame,paired effect averaged within identity across seeds,1,2
-0.911602392581283,-0.6035522123275794,-1.234117283603033,adaptive,0.1,20,masked_psnr,384,4,oral,paired effect averaged within identity across seeds,1,2
-0.8345474457693454,-0.5114637009126232,-1.1444751394234016,released,0.15,20,masked_psnr,384,4,oral,paired effect averaged within identity across seeds,1,2
-1.9518974898424581,-0.3623529441720091,-3.148394580456654,adaptive,0.05,20,masked_psnr,384,8,background,paired effect averaged within identity across seeds,1,2
-2.55038658904897,-1.4761116014877897,-3.761093882627086,released,0.1,20,masked_psnr,384,8,background,paired effect averaged within identity across seeds,1,2
0.08335072934209134,0.45923620337100673,-0.2745138754004778,adaptive,0.6,20,masked_psnr,384,8,eyes,paired effect averaged within identity across seeds,1,2
0.04635566573133261,0.5141256313096481,-0.45687224416283384,released,0.55,20,masked_psnr,384,8,eyes,paired effect averaged within identity across seeds,1,2
-0.34879402479880034,0.18962866205231618,-0.8820046741526689,adaptive,0.45,20,masked_psnr,384,8,flame_supported,paired effect averaged within identity across seeds,1,2
0.03695907619075154,0.6746370178425087,-0.5939878070208675,released,0.45,20,masked_psnr,384,8,flame_supported,paired effect averaged within identity across seeds,1,2
6.124369201892964,7.236841644213158,4.97683863882818,adaptive,1.0,20,masked_psnr,384,8,flame_unsupported,paired effect averaged within identity across seeds,1,2
6.986346057499387,8.163342931293961,5.791764531746244,released,1.0,20,masked_psnr,384,8,flame_unsupported,paired effect averaged within identity across seeds,1,2
4.66687513234422,5.584036980424911,3.6912421355066694,adaptive,1.0,20,masked_psnr,384,8,foreground,paired effect averaged within identity across seeds,1,2
5.339816884202639,6.3276625427510975,4.2832656435141825,released,1.0,20,masked_psnr,384,8,foreground,paired effect averaged within identity across seeds,1,2
2.9025440322592275,3.61134068758479,2.158823275058041,adaptive,0.9,20,masked_psnr,384,8,full_frame,paired effect averaged within identity across seeds,1,2
3.3104518895904436,4.0490887608310695,2.5400959848338838,released,1.0,20,masked_psnr,384,8,full_frame,paired effect averaged within identity across seeds,1,2
-0.8700679129705765,-0.5228801305664146,-1.2147183160628876,adaptive,0.2,20,masked_psnr,384,8,oral,paired effect averaged within identity across seeds,1,2
-0.8669833846635306,-0.5693665069590516,-1.1674975467003548,released,0.15,20,masked_psnr,384,8,oral,paired effect averaged within identity across seeds,1,2
