fold,condition,radius_mm,camera_id,split,oral_psnr,oral_mae,supported_psnr,unsupported_psnr,head_psnr
fold_a,hard,0.0,222200042,train,28.324521010361327,0.024918299913406373,29.82186273637119,11.99873900436115,16.0780766369692
fold_a,hard,0.0,222200044,train,27.79757755123059,0.02930077666756492,22.958747174543603,12.596938787919454,15.151955688614645
fold_a,hard,0.0,222200046,heldout,26.39774551444002,0.03770739237467448,21.855633586244508,12.388673728014654,15.104949630606399
fold_a,hard,0.0,222200040,heldout,23.65455589559298,0.05513809778357065,19.43083110296437,13.426192880302194,14.94772900718009
fold_a,hard,0.0,222200036,train,34.688209312214134,0.013766625544407985,24.36963804841723,10.115392925941354,12.57200849218098
fold_a,hard,0.0,222200048,train,32.876282925847285,0.017254902067638578,23.43413789332191,12.338575380437897,14.042383705601482
fold_a,hard,0.0,220700191,train,36.54487832732465,0.010559886334890342,23.63517997927231,10.233906258218184,12.614240487397602
fold_a,hard,0.0,222200041,train,35.2237461415247,0.012922501942468068,21.66170043145343,12.139565005244823,13.790523659105979
fold_a,hard,0.0,222200037,train,37.354854045583494,0.009616012374560038,22.38866013605353,10.219627473138026,12.61394304979575
fold_a,hard,0.0,222200038,train,33.254430396685294,0.01678841410119549,20.484380991634247,13.967226296343465,15.541433326933738
fold_a,hard,0.0,222200047,train,37.034228495797244,0.009762202594297152,21.786846588801744,10.126302238219713,12.589019357343398
fold_a,hard,0.0,222200043,train,33.6233366816677,0.014743513049501361,23.17966651111801,12.266566418331903,14.440996623821006
fold_a,hard,0.0,222200049,heldout,25.328122904518327,0.04686216618810783,21.056064975016817,10.35368582044375,12.975546804306862
fold_a,hard,0.0,222200039,heldout,25.755080446087085,0.0450929745223171,20.773770193978038,12.024120516175262,14.246676798374395
fold_a,hard,0.0,222200045,train,30.375973644478265,0.01947377685807709,24.42449932831086,12.446039731355153,15.508326431852806
fold_a,hard,0.0,221501007,train,29.320001599938163,0.022875816027323404,28.89128796086894,11.22237005296818,14.998645319572155
fold_a,r010,10.0,222200042,train,31.36005944997119,0.016732025146484374,35.82540493327667,13.739867230518957,17.887230749885813
fold_a,r010,10.0,222200044,train,30.154774336594063,0.020890369355303685,28.46236059069099,15.836614666841841,18.4635245249313
fold_a,r010,10.0,222200046,heldout,27.85009803264196,0.03457013643704928,26.578614571360475,14.595490206340342,17.493976739288293
fold_a,r010,10.0,222200040,heldout,23.465348048220307,0.06146321040327831,22.746515955548162,15.966623711180778,17.518216507880847
fold_a,r010,10.0,222200036,train,36.94875035441635,0.010110151517641294,33.40943034089756,12.133703784184354,14.688686494043306
fold_a,r010,10.0,222200048,train,37.30534348270058,0.010091502780006045,29.40363777737835,15.444373515022733,17.122002988940068
fold_a,r010,10.0,220700191,train,38.3839672444852,0.008646349351568872,34.50039120346767,12.364302879790674,14.85258636894509
fold_a,r010,10.0,222200041,train,37.41549044138926,0.009162774918571351,26.11610478133152,15.114761705858509,16.655134650451785
fold_a,r010,10.0,222200037,train,36.35183311428219,0.010996731122334798,35.36695127229529,12.348789143630814,14.891846417819055
fold_a,r010,10.0,222200038,train,31.226381777973252,0.021818531884087458,24.33779389573654,16.660412516824078,18.14653988593035
fold_a,r010,10.0,222200047,train,36.56733173237561,0.010244287215789722,32.57397668955622,12.274800320309943,14.910556886255847
fold_a,r010,10.0,222200043,train,32.48139473527855,0.019710831690316247,27.149982576020285,15.341155332830281,17.41297832205658
fold_a,r010,10.0,222200049,heldout,26.142044464215846,0.04452541936463663,26.20076432732504,12.59691562576733,15.358301125456915
fold_a,r010,10.0,222200039,heldout,29.751267640440012,0.026123524944295564,23.91634397716284,14.981146452532716,17.14737049396593
fold_a,r010,10.0,222200045,train,35.735562114438444,0.011697671352288662,29.03822836182796,15.605702296923308,18.56229294157536
fold_a,r010,10.0,221501007,train,33.29825943352709,0.011346405347188313,36.59612468412442,13.294487698758193,17.145021458802518
fold_a,r025,25.0,222200042,train,31.188408949132356,0.014901960889498392,39.67798333619294,17.377633415270463,21.530723662665167
fold_a,r025,25.0,222200044,train,30.26587799262886,0.019558516688316874,35.81937996743318,21.67699702702774,24.23902197420478
fold_a,r025,25.0,222200046,heldout,28.031503056705596,0.03404725881723257,27.963048389819,19.191509478169632,21.776363473342485
fold_a,r025,25.0,222200040,heldout,23.2075566274443,0.06404385310347362,23.384572234298755,21.157752886042637,21.821102701966637
fold_a,r025,25.0,222200036,train,38.85272305945178,0.0077791486308847,38.50906248155289,16.629557346771225,19.183490082498025
fold_a,r025,25.0,222200048,train,38.779091135388725,0.008530345190139043,33.764964919373234,22.674575354681735,24.258806427035466
fold_a,r025,25.0,220700191,train,38.516306960423805,0.008496732596891472,36.47210102043901,17.115922632671683,19.579983829406416
fold_a,r025,25.0,222200041,train,38.80107614238006,0.008446934109642392,31.23336661460478,21.690665305304044,23.353956027533304
fold_a,r025,25.0,222200037,train,38.87832764804731,0.008504901329676311,37.201614009685045,17.00391583679938,19.52820201081239
fold_a,r025,25.0,222200038,train,32.19041874622985,0.02070998054703856,29.29115616541163,22.27612817721894,23.98965102010969
fold_a,r025,25.0,222200047,train,41.00168125196522,0.006600843817347894,37.397832926261835,17.009158064719603,19.64292437901518
fold_a,r025,25.0,222200043,train,32.94859004438645,0.018189740421796087,31.400113129036576,21.564116646384576,23.5777685145443
fold_a,r025,25.0,222200049,heldout,26.583360152826426,0.04154086323965967,26.147533719705585,17.193450791748987,19.611150762449697
fold_a,r025,25.0,222200039,heldout,30.859343863203307,0.022668084432912426,24.905531357374798,20.93226093840694,22.305261840736634
fold_a,r025,25.0,222200045,train,37.07642832306829,0.00966985205299834,34.37567710986797,21.084263190556243,23.7771743936686
fold_a,r025,25.0,221501007,train,35.17000439027888,0.010326797962188721,39.15604979855096,17.093189420356712,20.943428857588952
fold_a,r050,50.0,222200042,train,33.065753019760386,0.012647059559822083,40.547261966086545,26.114415134769622,30.040815282239212
fold_a,r050,50.0,222200044,train,32.14792333793139,0.016870144778077707,39.84235999918099,30.3283217352276,32.678173023605474
fold_a,r050,50.0,222200046,heldout,26.14634805766409,0.04164907015286959,27.22891750965372,27.978522806466785,27.654651716124576
fold_a,r050,50.0,222200040,heldout,23.47291475325314,0.06219692025133359,23.34028134195588,25.1088082991139,24.362901462282927
fold_a,r050,50.0,222200036,train,40.041567976056555,0.007431783876218996,40.06455040339848,29.305616570536976,31.522153928599295
fold_a,r050,50.0,222200048,train,38.059424205678326,0.009314658755347842,37.694083393676664,32.23236371168032,33.56409165015303
fold_a,r050,50.0,220700191,train,39.036060151191315,0.008323489422779006,37.7594151199083,31.554919657284298,33.30147274868821
fold_a,r050,50.0,222200041,train,38.602188185056434,0.008988484125288706,38.6164137432966,29.523339714600393,31.349874265567518
fold_a,r050,50.0,222200037,train,38.486046981915386,0.00907679796218872,38.89932637570625,29.49854554050367,31.674853733116144
fold_a,r050,50.0,222200038,train,31.847081858337937,0.021523771722332326,33.63102231433978,29.02200416803261,30.470439640875888
fold_a,r050,50.0,222200047,train,40.750573802581236,0.0068233441517426335,39.42015033774383,29.565226682028577,31.846677013220383
fold_a,r050,50.0,222200043,train,33.003205635741196,0.01866508252692945,35.54762015642264,30.627341175829798,32.151341230962174
fold_a,r050,50.0,222200049,heldout,26.247783733714087,0.043935449425801416,26.233989414998142,25.99202903898999,26.069096643169
fold_a,r050,50.0,222200039,heldout,31.707002157024423,0.02170542537087926,25.11252854261126,27.464965881042822,26.543274913678864
fold_a,r050,50.0,222200045,train,34.82025222897564,0.013088655268025195,39.751220780697,27.343263195328756,30.099337515473454
fold_a,r050,50.0,221501007,train,34.05916125174497,0.011098039944966635,39.92735827699205,25.12312335256511,28.782254242292726
fold_a,r075,75.0,222200042,train,32.810694931583,0.013366012771924337,41.090839504915095,32.67694212764196,35.86100592248132
fold_a,r075,75.0,222200044,train,32.423758669136156,0.016574175852649618,39.99490518850717,33.56545458403207,35.50360414801803
fold_a,r075,75.0,222200046,heldout,26.560965421280656,0.039698341565254404,26.629341563202935,29.129159285991687,27.73458510846343
fold_a,r075,75.0,222200040,heldout,24.050082750056102,0.05775247389270413,23.380174910946373,25.3496406977991,24.491872618573712
fold_a,r075,75.0,222200036,train,39.41474791219264,0.008135654431678754,39.83493357846076,36.667357396314074,37.81021464358935
fold_a,r075,75.0,222200048,train,38.77909160067931,0.008246498107910156,37.99840724043236,33.864748492170385,34.99061059966085
fold_a,r075,75.0,220700191,train,38.91738704372223,0.008386487462913176,38.06127640237766,38.471814532171926,38.40424387425185
fold_a,r075,75.0,222200041,train,39.18430292695335,0.008110800243559337,36.98759278982867,31.537078539543522,33.07067979025306
fold_a,r075,75.0,222200037,train,37.06577897680057,0.010833332935969034,39.59714765252197,36.40304222331279,37.51045177242781
fold_a,r075,75.0,222200038,train,32.367465611394394,0.020069203345604192,32.954140259251346,31.294915335686795,31.998998745630402
fold_a,r075,75.0,222200047,train,40.10800082840888,0.0072590729869003836,39.029363832121106,37.14237059024497,37.95880876825211
fold_a,r075,75.0,222200043,train,32.09138188947602,0.020439689327972105,35.96821954176222,33.64311986482943,34.49396368340432
fold_a,r075,75.0,222200049,heldout,26.51023757807932,0.041633409033131105,25.993149685936974,28.114633794728427,26.945481310534323
fold_a,r075,75.0,222200039,heldout,31.306950809848185,0.02151289405132757,24.412405970310406,27.823912139092123,26.380784725441387
fold_a,r075,75.0,222200045,train,37.24414209431676,0.009552539923252204,39.57704472502136,31.858732569409185,34.23228714890409
fold_a,r075,75.0,221501007,train,33.85918931679643,0.0122352933883667,40.729080091797556,32.90532222347646,35.65297594055291
fold_a,r100,100.0,222200042,train,34.332462144755,0.012205882867177328,41.4854062889826,34.22735444763037,37.086087439566796
fold_a,r100,100.0,222200044,train,31.158893905708183,0.01801701911590384,40.72580262759031,35.186652127954076,36.93964956277217
fold_a,r100,100.0,222200046,heldout,26.653723203379318,0.03996983552590395,27.06608112524038,29.827794344236523,28.227419336531735
fold_a,r100,100.0,222200040,heldout,23.55670615677179,0.06137887688093288,23.431003085410836,26.225631950142866,24.920061654304078
fold_a,r100,100.0,222200036,train,39.32986708848641,0.007669454410081699,39.92345285792491,38.24432067046003,38.81872590919706
fold_a,r100,100.0,222200048,train,39.09163961367144,0.008380951654343377,38.10005863162745,37.29861948475836,37.71114485419598
fold_a,r100,100.0,220700191,train,38.25823443979018,0.009040081836133597,38.918712180715154,39.703487097297455,39.430546370049974
fold_a,r100,100.0,222200041,train,39.84236418810712,0.007569249471028646,37.0634920724869,35.563717865581054,36.3495262417132
fold_a,r100,100.0,222200037,train,37.345027235159975,0.010049020250638327,40.2610079296018,37.70897950700171,38.65936539578644
fold_a,r100,100.0,222200038,train,32.1844595111493,0.020344737308477266,33.3081465629259,34.95027629379424,34.23546382640839
fold_a,r100,100.0,222200047,train,41.149324891612295,0.00644323899109031,39.41285794136464,39.211796784569785,39.42611200214542
fold_a,r100,100.0,222200043,train,32.93345197732111,0.01813428474195076,34.909919073349954,35.79623342912526,35.43216978023143
fold_a,r100,100.0,222200049,heldout,26.95965562434186,0.04031464905865424,26.255696484203817,28.35192080447917,27.196054784837358
fold_a,r100,100.0,222200039,heldout,30.784893506430553,0.023873942767002786,23.881533547585363,27.423052241272995,25.924539003819227
fold_a,r100,100.0,222200045,train,38.06084200267292,0.00911681061117058,40.766586407861666,31.736461446676593,34.444355851804936
fold_a,r100,100.0,221501007,train,34.65815443605494,0.01124182939529419,40.90566926710625,36.010403545471675,37.86812547426939
fold_a,r150,150.0,222200042,train,33.79510452995461,0.013807189464569092,41.410592493263565,37.071512372980415,38.96028463641984
fold_a,r150,150.0,222200044,train,32.28934051481267,0.016623506006204856,40.75800758643719,36.046311114248255,37.589423334329595
fold_a,r150,150.0,222200046,heldout,26.85435743523657,0.0395475094134991,27.050191397801928,29.896827888097732,28.206960764289434
fold_a,r150,150.0,222200040,heldout,24.15129166027687,0.05649588800245716,23.575937150027894,26.0190185520607,24.90801546605832
fold_a,r150,150.0,222200036,train,38.220816550212604,0.009104620882403323,40.370571205370645,39.33990695321085,39.75226602149029
fold_a,r150,150.0,222200048,train,37.168657904512735,0.010293183099655878,38.04740707279164,38.58555110965195,38.499971474832336
fold_a,r150,150.0,220700191,train,37.775140197749344,0.009709426198139727,38.29570887723972,40.128779949496796,39.45545351026942
fold_a,r150,150.0,222200041,train,39.501354420335005,0.0077995640890938895,39.36861964688172,36.42045519411161,37.38800953243077
fold_a,r150,150.0,222200037,train,38.14984584285336,0.009321895241737366,40.243491206669006,37.86195512471048,38.80455542744105
fold_a,r150,150.0,222200038,train,32.380473385087825,0.01956298772026511,33.9427306700346,35.05261262373743,34.47761191450099
fold_a,r150,150.0,222200047,train,40.67798867980734,0.006869698247165545,40.50247393913794,39.382530382451996,39.89462481747932
fold_a,r150,150.0,222200043,train,33.55978709114859,0.016011091675421203,35.525136782502756,35.867922682600465,35.69080800441616
fold_a,r150,150.0,222200049,heldout,26.540600193398095,0.04106657202616554,26.486914934343826,28.773471135019754,27.47048038674469
fold_a,r150,150.0,222200039,heldout,30.874304063031865,0.023184882269965276,24.528334615536206,27.825772897338567,26.414183506217476
fold_a,r150,150.0,222200045,train,37.01283676829241,0.009971510650765182,41.09914599247898,32.350219756184636,34.91066298392912
fold_a,r150,150.0,221501007,train,33.66387863742336,0.012274510065714518,41.68480065475894,35.829576071494806,38.03527388142652
fold_a,r200,200.0,222200042,train,32.647933183175326,0.015653594334920248,40.814544643409995,37.410665458888815,38.936831690051925
fold_a,r200,200.0,222200044,train,31.793578240385735,0.0176840548245412,40.39680387597896,34.730904791117155,36.576572011690786
fold_a,r200,200.0,222200046,heldout,27.082869084851268,0.03697335169865535,26.51450606798537,29.7733438700849,27.916802792188893
fold_a,r200,200.0,222200040,heldout,22.999716116838126,0.06591608191049227,23.309399692349935,26.637706211225666,25.067399419713645
fold_a,r200,200.0,222200036,train,37.405297269287765,0.010000455629575503,40.064054552643825,39.477518324502896,39.679437216372094
fold_a,r200,200.0,222200048,train,37.95887997075286,0.00914285659790039,38.294161418102966,39.06788813910822,38.712579479095425
fold_a,r200,200.0,220700191,train,36.92942715487626,0.010559886334890342,39.299516276988754,40.56650722808145,40.04120988585265
fold_a,r200,200.0,222200041,train,38.12185152369548,0.00914410182407924,39.257629717957705,39.21709739486501,39.25280532250112
fold_a,r200,200.0,222200037,train,37.724285717540795,0.009632352987925212,40.24498677714358,38.51488780818566,39.205224894795315
fold_a,r200,200.0,222200038,train,32.114108848363884,0.020953479155995488,33.71666819453645,35.54629911012112,34.68767089924797
fold_a,r200,200.0,222200047,train,39.207752414217126,0.00790803314100766,40.32456347027569,40.36647451417859,40.32507688666212
fold_a,r200,200.0,222200043,train,32.497191838327254,0.019489007044320154,35.90725678894534,36.46982401712128,36.19704161890452
fold_a,r200,200.0,222200049,heldout,26.841819132731665,0.040210538205847274,26.41020550065138,29.081512055165696,27.572505572053267
fold_a,r200,200.0,222200039,heldout,31.407915643086085,0.02151289405132757,24.14541924283615,28.60585200685383,26.415538406481524
fold_a,r200,200.0,222200045,train,36.09773074114043,0.011010559196146125,40.42239175581991,33.160365824667224,35.46026764559974
fold_a,r200,200.0,221501007,train,33.43062107615437,0.012679737408955892,40.95057404247582,36.717978522510165,38.34933044077513
fold_a,free,-1.0,222200042,train,33.878586519973304,0.012663400173187256,41.028976581578256,37.32814138800134,38.96740267880601
fold_a,free,-1.0,222200044,train,32.55944006829081,0.014428413139199311,40.33111921659546,37.1286902836528,38.12682753531441
fold_a,free,-1.0,222200046,heldout,25.77811005881399,0.04579185583652594,26.21452256970892,30.44330629998733,27.896302913957022
fold_a,free,-1.0,222200040,heldout,23.40169892336082,0.06264389202158938,23.11812290230174,26.7502031008297,24.961105058362225
fold_a,free,-1.0,222200036,train,39.09105513553495,0.008053383905015069,40.30567770242777,39.2444979235849,39.62553632902738
fold_a,free,-1.0,222200048,train,37.94300657150194,0.009411764599028087,38.42816555026751,39.04760440018527,38.79621752808258
fold_a,free,-1.0,220700191,train,38.43417476871486,0.00885109058824409,38.54064493565252,40.72866190820388,39.82070171999917
fold_a,free,-1.0,222200041,train,38.90527923749432,0.008509181794666108,39.44720682948783,38.78990216941989,39.078023972484665
fold_a,free,-1.0,222200037,train,37.71687699251577,0.009542484084765117,39.54583118457994,38.35543344464824,38.92484299275652
fold_a,free,-1.0,222200038,train,31.819285238821166,0.02165833641501034,33.941705609773564,35.62683889842163,34.77097424073618
fold_a,free,-1.0,222200047,train,39.65058747372442,0.0072776149632519304,40.31088331623285,40.35061068110234,40.33984919971538
fold_a,free,-1.0,222200043,train,32.95924551568372,0.01812636057535807,35.61931324766581,36.83317001805122,36.273798819481094
fold_a,free,-1.0,222200049,heldout,26.73600664048651,0.04105500696683,26.046957569740083,29.222927772745976,27.345479257878683
fold_a,free,-1.0,222200039,heldout,31.99257690780064,0.020215837838421805,24.076979704301866,28.260754397735077,26.252346341986474
fold_a,free,-1.0,222200045,train,36.03542337635342,0.011412771339090461,41.07452982358559,33.55889019705134,35.79800456049878
fold_a,free,-1.0,221501007,train,35.088771456702396,0.011058823267618815,41.485437564985226,36.25239876976803,38.04553401167455
fold_b,hard,0.0,222200042,train,27.278492642857096,0.02960784633954366,30.52134975134273,11.97309002014082,16.07141964281537
fold_b,hard,0.0,222200044,train,29.978409819536708,0.023393761436894256,23.32928418316936,12.711057920586965,15.286038179051113
fold_b,hard,0.0,222200046,train,33.5310819651768,0.016098543313833383,24.83181794055038,12.436653415228513,15.377218087880337
fold_b,hard,0.0,222200040,train,30.440048926552294,0.02205355449389386,22.4137671680742,13.616687286869343,15.431995580386781
fold_b,hard,0.0,222200036,heldout,32.28685929908829,0.019726677652283427,23.170961684822544,10.041362103006923,12.46392098631539
fold_b,hard,0.0,222200048,heldout,25.885497864972923,0.04256209237234933,21.38453116910547,12.180092777299398,13.789941908681648
fold_b,hard,0.0,220700191,train,34.875103231229104,0.01315851479649065,23.25945689552421,10.151639065038076,12.518218983792526
fold_b,hard,0.0,222200041,train,33.900947548881625,0.015269217415461464,21.470127733824597,12.00296346632947,13.665150725481912
fold_b,hard,0.0,222200037,train,36.996244849262666,0.010498364766438803,21.564095016138772,10.138600752795512,12.502406085379965
fold_b,hard,0.0,222200038,train,32.85416849250683,0.01722414353314568,20.428982186823244,13.694373805801776,15.31035693123889
fold_b,hard,0.0,222200047,heldout,30.30756878133134,0.022778470465477478,20.950481971801015,10.028636871113463,12.451226446125679
fold_b,hard,0.0,222200043,heldout,25.367253714745782,0.04724895592891809,21.3749538783855,12.149656000771776,14.199065814377057
fold_b,hard,0.0,222200049,train,33.182200584108344,0.015524321249452664,24.93547342295734,10.39085781366196,13.205971435386646
fold_b,hard,0.0,222200039,train,32.41344459180644,0.017064396417110158,22.754709010395118,12.193174325309641,14.565783798702565
fold_b,hard,0.0,222200045,train,31.390516943148757,0.01902128692366119,24.61338721415921,12.597276885845996,15.671255886503406
fold_b,hard,0.0,221501007,train,29.764397874891447,0.020169936815897623,29.397376571211527,11.11485668176525,14.903552847283352
fold_b,r010,10.0,222200042,train,30.16997695783113,0.018774511416753133,37.072678934059184,13.741586651546523,17.906087663456084
fold_b,r010,10.0,222200044,train,30.927649785398835,0.020187446906131768,29.006758383954896,15.961638782507027,18.600537533383942
fold_b,r010,10.0,222200046,train,35.39693213477793,0.012076419439071263,32.8984933552466,14.652039499695794,17.755259077331623
fold_b,r010,10.0,222200040,train,27.969640115299036,0.02955091743059056,28.83763452902717,16.266877999260565,18.189340481393593
fold_b,r010,10.0,222200036,heldout,31.6850180384626,0.021399513546959226,28.40498314275849,12.072889434832305,14.574107220387585
fold_b,r010,10.0,222200048,heldout,30.03244998973419,0.02678617931547619,25.51215292173625,15.326943549306547,16.88414897694685
fold_b,r010,10.0,220700191,train,36.65149649386659,0.01067013146886864,31.433585414556795,12.31114319413684,14.781656150047976
fold_b,r010,10.0,222200041,train,36.32099382833799,0.011048862669203017,25.62418996061855,15.043873685243954,16.59108333341394
fold_b,r010,10.0,222200037,train,38.60752171791399,0.008227123816808065,33.03386110083213,12.287869637470447,14.821910106681687
fold_b,r010,10.0,222200038,train,36.082513325441994,0.011764705570694667,24.553364978513663,16.569864397771887,18.10939567709534
fold_b,r010,10.0,222200047,heldout,32.78262433570611,0.0196078415458084,28.74485019531978,12.219827830602014,14.81196037928077
fold_b,r010,10.0,222200043,heldout,27.54110187773804,0.03778173273259943,25.24120896364788,15.202574670076178,17.198247135075178
fold_b,r010,10.0,222200049,train,33.41546391871833,0.015015326418356206,33.17334100726461,12.644554186480402,15.553472115622018
fold_b,r010,10.0,222200039,train,34.96292206552695,0.013375892195590707,28.49617472048674,15.04773384523328,17.457179406953074
fold_b,r010,10.0,222200045,train,33.223176220992585,0.014948887702746268,29.353204413991335,15.67560254705109,18.668791334619875
fold_b,r010,10.0,221501007,train,33.424248983924876,0.01313725471496582,36.02232666077628,13.294886573114276,17.140618226466525
fold_b,r025,25.0,222200042,train,31.955557732377898,0.014803922176361084,38.614786777397036,17.76638392298465,21.905901789468977
fold_b,r025,25.0,222200044,train,30.940671246784525,0.019669502786120528,35.5497448760423,22.38790514763484,24.924339825202214
fold_b,r025,25.0,222200046,train,34.71366879795879,0.013534439527071439,35.97998931951881,19.678532230059655,22.72986069778596
fold_b,r025,25.0,222200040,train,28.730890173895084,0.02743411320512013,31.043642835542276,22.265021626436642,23.876694058510452
fold_b,r025,25.0,222200036,heldout,31.80224450584057,0.02176516206114442,29.7970198778596,16.674007329120624,19.073281855464096
fold_b,r025,25.0,222200048,heldout,29.513241603625133,0.028959851946149553,26.893274904620604,22.04276194389267,23.097873939292764
fold_b,r025,25.0,220700191,train,34.77610417173347,0.013780612064652654,35.98461818059624,17.21420622292396,19.667067233649156
fold_b,r025,25.0,222200041,train,35.786354450141104,0.012704635801769438,29.545858160400364,21.38737063267566,22.865010778641523
fold_b,r025,25.0,222200037,train,38.6358873942246,0.008717320362726847,35.8692971600824,17.06597333237769,19.576337331444794
fold_b,r025,25.0,222200038,train,35.56273070941183,0.012821990680071263,28.459595672786246,22.11794609903126,23.667331143964475
fold_b,r025,25.0,222200047,heldout,32.16184501752505,0.020692532225985334,29.167047434242164,16.977860546841825,19.441418764689217
fold_b,r025,25.0,222200043,heldout,27.84706328467468,0.036537929496379816,26.695921879001517,20.81952477398434,22.380784623268703
fold_b,r025,25.0,222200049,train,32.588467934968705,0.01774538653438422,34.82829632683002,17.486615957297037,20.317652223485613
fold_b,r025,25.0,222200039,train,36.3916411707003,0.011308709472340823,32.510712810567426,20.809682925696983,23.0287343045287
fold_b,r025,25.0,222200045,train,34.59991240532776,0.012435061299902761,35.15029223585716,21.113990726262784,23.779194059963306
fold_b,r025,25.0,221501007,train,34.189206336577605,0.012457516193389893,38.849892184564276,17.08199909996881,20.927736684863607
fold_b,r050,50.0,222200042,train,32.90255901350211,0.012761438886324564,40.392181211108166,25.267839894216447,29.234476939727948
fold_b,r050,50.0,222200044,train,30.998963035988524,0.020409423600202835,38.39814181603983,30.13033435223982,32.38861046186619
fold_b,r050,50.0,222200046,train,36.2977395652389,0.011282051526583159,38.01859095810588,31.000343239639946,33.2673492099207
fold_b,r050,50.0,222200040,train,29.91052967583744,0.022500528315062163,30.904016731094114,28.799040793618566,29.416721595378313
fold_b,r050,50.0,222200036,heldout,31.130184266439848,0.022432469543599304,28.71094543884127,27.428206199273,28.029362681006766
fold_b,r050,50.0,222200048,heldout,28.356703818925638,0.033486458914620536,27.062419749198064,28.85004444044195,28.20840099202075
fold_b,r050,50.0,220700191,train,34.05720193384613,0.015410661697387695,35.711920998163265,30.457975816559134,31.98701286855148
fold_b,r050,50.0,222200041,train,36.83769153734807,0.01093681880405971,34.633920372449424,29.349128645574467,30.782433218982316
fold_b,r050,50.0,222200037,train,39.00814095387508,0.00818627377351125,37.13300834699465,28.929568424524682,31.006185721012027
fold_b,r050,50.0,222200038,train,36.277215947500416,0.01136742230334313,35.571910144864574,29.11101637604295,30.880328592251985
fold_b,r050,50.0,222200047,heldout,32.16730285267052,0.019682009451214587,28.523560965977147,28.40126490434915,28.56770644570869
fold_b,r050,50.0,222200043,heldout,28.692562237138006,0.03251336993593158,27.445541311078525,27.912566034433826,27.792051129738375
fold_b,r050,50.0,222200049,train,32.36511411262504,0.017317369624225087,36.112894521351436,28.584209941991627,30.604820881108648
fold_b,r050,50.0,222200039,train,37.353041560170524,0.010021786357081213,34.5312809566355,30.69235819767254,32.114024577342974
fold_b,r050,50.0,222200045,train,35.15310307343177,0.011982573403252495,39.273956553556964,28.90021780026183,31.751041572930152
fold_b,r050,50.0,221501007,train,32.670726687076254,0.013973855972290039,39.59349548228778,25.338013642134484,28.962426455245524
fold_b,r075,75.0,222200042,train,31.586631581263376,0.016176471114158632,40.43710288179469,31.588164413846016,34.85692552732357
fold_b,r075,75.0,222200044,train,32.90406489619486,0.015550623899735746,38.81098582525925,33.81113660125576,35.38471345426914
fold_b,r075,75.0,222200046,train,34.84178261344008,0.012880844947619315,37.7632501552809,36.52297851451926,37.04408104278501
fold_b,r075,75.0,222200040,train,29.214409975359928,0.025047439657231812,31.88609264764385,30.666654388106657,30.925279070130728
fold_b,r075,75.0,222200036,heldout,30.749505905023877,0.023273456902492853,26.914094941061126,30.71182891116621,28.764679083336574
fold_b,r075,75.0,222200048,heldout,29.0654012839098,0.030647989908854166,26.486279959077645,29.308723620024153,28.118583763694744
fold_b,r075,75.0,220700191,train,33.02379280958875,0.01564690003912133,36.2772763531548,36.00126017506777,36.17072814232826
fold_b,r075,75.0,222200041,train,36.075409250505274,0.01195767115032862,36.23908438241697,31.511969045019242,32.84767004058629
fold_b,r075,75.0,222200037,train,37.66049043356865,0.009534313281377157,37.89019730475022,35.645989993414744,36.53225710739199
fold_b,r075,75.0,222200038,train,35.972770160080856,0.012078686477312075,34.9170720835619,31.216967080850985,32.552092323421206
fold_b,r075,75.0,222200047,heldout,33.359933610378725,0.01780929858521085,28.24032722474115,32.81222190408916,30.28592382478958
fold_b,r075,75.0,222200043,heldout,28.508306967102403,0.03274311874852036,26.141549184307188,30.17207522167898,28.137988125786965
fold_b,r075,75.0,222200049,train,31.27087786806134,0.020001155436918095,36.08265421272971,33.29063965096752,34.1186210292327
fold_b,r075,75.0,222200039,train,36.105061777097845,0.011146577445727602,33.2558812901047,33.76910283674592,33.152052923846234
fold_b,r075,75.0,222200045,train,35.43008784805672,0.012435061299902761,39.86596756958121,33.09211262450162,35.05466535993606
fold_b,r075,75.0,221501007,train,34.01012008340663,0.011633985837300619,40.054109703897765,32.581592967373105,35.296352695148414
fold_b,r100,100.0,222200042,train,30.319535294380643,0.015898692607879638,40.84608293087066,34.27106096398743,36.980351918580716
fold_b,r100,100.0,222200044,train,31.19082531688911,0.01920088881966453,39.46939791633672,35.55374055296534,36.916281609392776
fold_b,r100,100.0,222200046,train,36.51251794294961,0.011171443645770733,37.6259652904993,36.97011751944969,37.46230861156797
fold_b,r100,100.0,222200040,train,28.981631111793227,0.0259160892937773,32.047178938529974,33.04750258124474,32.456734169823626
fold_b,r100,100.0,222200036,heldout,29.567473234654145,0.028072579479439832,27.764541890372985,31.755528080764776,29.379462711980825
fold_b,r100,100.0,222200048,heldout,28.992261648216036,0.030341735113234746,26.261462284208005,29.689354769214006,28.07581833704973
fold_b,r100,100.0,220700191,train,32.55109587548726,0.016497363048384946,36.85143939140664,37.36538780427307,37.11648470075081
fold_b,r100,100.0,222200041,train,36.2283766565868,0.011223155733138796,36.29097030942107,34.41061874432529,35.110079173813816
fold_b,r100,100.0,222200037,train,37.99015128657866,0.009019607305526733,38.09030974987377,37.68316805701343,37.949887088400985
fold_b,r100,100.0,222200038,train,36.77210126727048,0.010726643543617399,35.62729654979845,34.97875053354831,35.36545166721753
fold_b,r100,100.0,222200047,heldout,31.782292978148444,0.021647428508064143,28.200984520892657,33.641529555437415,30.479684708968907
fold_b,r100,100.0,222200043,heldout,27.911063673166623,0.035626856486002605,27.399839650293142,30.920660928786205,28.816371335891677
fold_b,r100,100.0,222200049,train,31.446779604252697,0.019688820065298616,36.47467255293709,35.00053971227558,35.17908931230586
fold_b,r100,100.0,222200039,train,35.499614090244926,0.012190301288930021,34.600735525195134,33.52718771369967,33.928029280709126
fold_b,r100,100.0,222200045,train,35.36186610914841,0.01191553702721229,40.41466786415259,32.82356780418282,35.19355733919825
fold_b,r100,100.0,221501007,train,33.39788093224992,0.011411765416463215,40.4930094832115,35.67590251920231,37.525280185848956
fold_b,r150,150.0,222200042,train,30.587957544698007,0.01702614426612854,41.10829439479379,37.484501047640194,38.95204246682215
fold_b,r150,150.0,222200044,train,32.184237592051865,0.016833149412143155,39.51959995069667,35.4943578268911,36.74817540981063
fold_b,r150,150.0,222200046,train,34.647754884127586,0.013423831646259014,38.328551130342476,37.73098411646736,37.90694780414044
fold_b,r150,150.0,222200040,train,29.675822232021606,0.02304026901081044,31.786885227234556,31.30741422899738,31.2822877818194
fold_b,r150,150.0,222200036,heldout,29.445332151211858,0.027990310064284672,27.601910607081223,31.67710035083918,29.320458509933736
fold_b,r150,150.0,222200048,heldout,28.32544643715266,0.031633983793712794,26.098039542113188,29.09862102329468,27.69617873045896
fold_b,r150,150.0,220700191,train,32.42457747129247,0.016513110164657653,37.06514931795842,38.079913398802795,37.47289484222702
fold_b,r150,150.0,222200041,train,35.08959286803977,0.012947400410970053,36.03097367376395,37.663493356437534,37.06216390207911
fold_b,r150,150.0,222200037,train,36.69025342673102,0.010784313082695007,37.51251093954814,39.063883442085256,38.44363720448933
fold_b,r150,150.0,222200038,train,36.842209708892206,0.010918877483193392,36.37758636918199,35.65898062186989,35.89003100639239
fold_b,r150,150.0,222200047,heldout,31.54584132416715,0.02187920067609061,27.96894174831241,33.94314240935677,30.379137101297676
fold_b,r150,150.0,222200043,heldout,28.153058190133343,0.035626856486002605,26.955416875241845,30.21027920691783,28.52427788657213
fold_b,r150,150.0,222200049,train,30.687527237290002,0.02241887877472734,36.64543901804647,35.39345892915006,35.48654573114438
fold_b,r150,150.0,222200039,train,37.03387624100583,0.010923645601100084,33.625653473401876,35.28953298662816,34.703662667784386
fold_b,r150,150.0,222200045,train,34.04506889503986,0.013055138098887907,40.89736871089872,34.566711719894094,36.58386797327705
fold_b,r150,150.0,221501007,train,33.17489797763431,0.012248365879058839,40.174305581261684,35.697368867930564,37.44431418760419
fold_b,r200,200.0,222200042,train,31.22072554600287,0.01656862795352936,40.94923193231283,36.57851665104741,38.34296507906457
fold_b,r200,200.0,222200044,train,32.55679055217396,0.016561844064004766,39.41713033158448,35.72596546981248,37.01920297171883
fold_b,r200,200.0,222200046,train,36.119634381137544,0.011855203677446415,37.99012781018356,37.516009233797206,37.649609046660636
fold_b,r200,200.0,222200040,train,28.475398113689042,0.025865487129457534,32.253844090755194,32.02772409970928,31.891472246740804
fold_b,r200,200.0,222200036,heldout,28.58612991298849,0.0307326639170969,27.67294296514029,32.061074012019894,29.378010966154644
fold_b,r200,200.0,222200048,heldout,27.971062591897052,0.03438281831287202,26.331090342690313,29.514705135379927,28.021363451191856
fold_b,r200,200.0,220700191,train,32.69211716700304,0.017056461318908447,36.41752023498371,37.72887318967156,37.20075830939979
fold_b,r200,200.0,222200041,train,35.000506211325934,0.013339557344951326,36.833169802123315,38.012162201455254,37.51848102610823
fold_b,r200,200.0,222200037,train,38.495877129489934,0.008766340216000874,37.95223045455986,38.19356855631892,38.240685920277
fold_b,r200,200.0,222200038,train,35.46177268110034,0.012501600521062714,36.02289541329887,36.55008409614932,36.2444048684484
fold_b,r200,200.0,222200047,heldout,31.103281069335907,0.02339035061234278,28.34254182799996,33.98969321082813,30.738755518021286
fold_b,r200,200.0,222200043,heldout,28.069645868301016,0.03463655722261679,25.823873081715178,30.331718562529588,27.99654467910309
fold_b,r200,200.0,222200049,train,32.54789578431805,0.017537162015571706,35.79447971317531,34.720075985992835,34.88127410752721
fold_b,r200,200.0,222200039,train,35.39794926265618,0.012636164978185057,33.804959401348654,35.37741994430015,34.69126560937919
fold_b,r200,200.0,222200045,train,34.254318246928776,0.01328976235838018,40.36299318042996,34.89579652045553,36.56576956381562
fold_b,r200,200.0,221501007,train,32.72167260615888,0.013202613194783528,39.914198101788514,36.2443799534483,37.608066362668936
fold_b,free,-1.0,222200042,train,29.427983843454875,0.019493464628855386,40.77128501735211,37.044835116814106,38.60026542778357
fold_b,free,-1.0,222200044,train,30.884181145091745,0.020187446906131768,39.22553957109975,35.34619292976439,36.615688329604545
fold_b,free,-1.0,222200046,train,35.103831495270505,0.013172449209751228,38.62391732944814,37.13203161342602,37.795474346453474
fold_b,free,-1.0,222200040,train,28.679613904109576,0.026228125377367902,31.92560956816193,33.7105185738922,32.587296105961315
fold_b,free,-1.0,222200036,heldout,28.947469513002844,0.02945289967499135,27.778957546874846,32.56251426067055,29.694700398883054
fold_b,free,-1.0,222200048,heldout,28.978363811984376,0.030147523425874255,26.847060153098923,30.558537665239648,28.574661490653817
fold_b,free,-1.0,220700191,train,34.16958078330983,0.01393810524997941,36.724002365055036,38.90549860466652,37.74415814294527
fold_b,free,-1.0,222200041,train,36.41005940317498,0.011360098823668464,36.42917919728031,37.89885219472401,37.136359614615685
fold_b,free,-1.0,222200037,train,37.93358477509265,0.00951797366142273,37.811357467477265,38.68057934739617,38.4557975872506
fold_b,free,-1.0,222200038,train,36.58072020560004,0.011553248548819348,36.08636058809982,36.26256726177543,36.11326160210076
fold_b,free,-1.0,222200047,heldout,33.32109024878899,0.018439715635691974,28.158951841769397,33.79362409104852,30.427449281908228
fold_b,free,-1.0,222200043,heldout,27.65785828275465,0.03692612310852667,26.58687633520614,30.454397107423897,28.379446644147045
fold_b,free,-1.0,222200049,train,31.812237312338674,0.01916825736166805,36.51511182102293,35.164281139484046,35.341984398083135
fold_b,free,-1.0,222200039,train,35.49777800065337,0.012443633658633367,34.113814510058155,35.64223800053981,34.955304493260336
fold_b,free,-1.0,222200045,train,33.975361548692874,0.013574663390461197,40.274414915360495,34.05849330841903,36.08679241793331
fold_b,free,-1.0,221501007,train,33.14677875088483,0.012522876262664795,40.053442728572975,35.09331597945397,37.071248886899134
fold_c,hard,0.0,222200042,train,28.564317323309908,0.022450979550679526,30.852179651654513,11.975878804181999,16.084408377572686
fold_c,hard,0.0,222200044,train,28.213667812252048,0.027167344243271545,23.605028624399928,12.755811357850234,15.350214068986858
fold_c,hard,0.0,222200046,train,34.3645654573184,0.014228255932147686,25.576224522595417,12.472102704973544,15.450050549094067
fold_c,hard,0.0,222200040,train,29.332017128986358,0.025924520595099337,22.616191742985357,13.609361720130691,15.433926061993086
fold_c,hard,0.0,222200036,train,34.57960754664373,0.013419260233988017,24.742177662057404,10.062215386097826,12.535217995656456
fold_c,hard,0.0,222200048,train,32.38156638938499,0.017434172857375373,22.93682246406911,12.20700755602007,13.913643513300617
fold_c,hard,0.0,220700191,heldout,28.555846199778067,0.028640050007157535,21.491910186597977,10.137492441394063,12.435007567159255
fold_c,hard,0.0,222200041,heldout,27.07024428755058,0.03455960107228113,19.77414738655379,11.894911311135433,13.40926875670969
fold_c,hard,0.0,222200037,heldout,29.431644859799114,0.02694444259007772,19.71510008342807,10.119719177139741,12.375215182169734
fold_c,hard,0.0,222200038,heldout,26.328457901915485,0.04066384384055543,18.918333236891076,13.593086593350767,15.0503579209093
fold_c,hard,0.0,222200047,train,35.764549805583606,0.01155147484853758,22.95661894115881,10.041802801342236,12.553890871397233
fold_c,hard,0.0,222200043,train,31.646710638169317,0.01869677148684107,23.349692362201647,12.223281673989257,14.417894171921464
fold_c,hard,0.0,222200049,train,32.919731591822156,0.016611718146850227,25.37360233693803,10.40233455704383,13.229455888699338
fold_c,hard,0.0,222200039,train,31.52131662342058,0.018260120421417,22.86413492753162,12.19559706118718,14.56811718553812
fold_c,hard,0.0,222200045,train,30.364162806889677,0.020915035508636735,24.95050080722128,12.608429412454925,15.702550913567109
fold_c,hard,0.0,221501007,train,30.59471760226228,0.017398692766825357,29.584480196887604,11.145988403258977,14.940967289637719
fold_c,r010,10.0,222200042,train,29.291351588443348,0.021307190259297688,34.17914237211923,13.403868879033165,17.534782515831132
fold_c,r010,10.0,222200044,train,30.988929424685207,0.02068072594936539,31.006697895957302,16.191771788709467,18.916317841955586
fold_c,r010,10.0,222200046,train,34.45676660160424,0.013494217701447316,33.281219568644616,14.343633897687289,17.455678417286073
fold_c,r010,10.0,222200040,train,28.165404602570977,0.030706303094023016,28.62516739522791,16.336085826744796,18.237679992901445
fold_c,r010,10.0,222200036,train,32.97336190776219,0.01454362446889455,31.213696156195226,11.902013500270922,14.440173681805069
fold_c,r010,10.0,222200048,train,35.99195984954669,0.01098786126999628,28.504506021565106,15.278388687261579,16.963784078146286
fold_c,r010,10.0,220700191,heldout,28.030546637179334,0.027269865135591192,27.112991762725773,12.144750438559972,14.555357834345536
fold_c,r010,10.0,222200041,heldout,27.20849998151071,0.03215686253138951,23.410806519910807,14.801337027029462,16.282453936742986
fold_c,r010,10.0,222200037,heldout,26.910488892685812,0.03445261319478353,26.600746992118353,12.16218634331442,14.608895290377077
fold_c,r010,10.0,222200038,heldout,24.620505489361847,0.04838523366092856,22.51055446635446,15.999251070036436,17.47153185905458
fold_c,r010,10.0,222200047,train,36.24308091771222,0.009910536150560312,31.64537847858103,12.15757538459119,14.785175672977488
fold_c,r010,10.0,222200043,train,34.64048288631675,0.013444246426977292,27.21102770165676,14.948472637697222,17.08863733697726
fold_c,r010,10.0,222200049,train,31.42511644227389,0.019746659427969153,32.3517863945988,12.612698373626802,15.510966077493283
fold_c,r010,10.0,222200039,train,34.46066560793728,0.01372042367624682,29.41591175208807,14.823503452904133,17.270807141262132
fold_c,r010,10.0,222200045,train,33.26837509090477,0.015334341261121962,29.5184568202895,15.646446612174197,18.64882879747508
fold_c,r010,10.0,221501007,train,32.40015263130479,0.014705883661905924,35.764833448872764,13.258614930211332,17.107014144775118
fold_c,r025,25.0,222200042,train,29.77971392815661,0.01771241823832194,38.91656444419208,17.656113706666044,21.801687594690122
fold_c,r025,25.0,222200044,train,30.520370305598092,0.020582070140718663,34.28534214620454,21.913409882057934,24.408218097203406
fold_c,r025,25.0,222200046,train,35.92569951619994,0.011804926701081105,35.836492741848986,19.54086594106822,22.59403987138186
fold_c,r025,25.0,222200040,train,26.799605995750646,0.03800969687841272,30.375176128131514,22.12542305041325,23.567640946069368
fold_c,r025,25.0,222200036,train,34.5078077443755,0.013145024404103384,35.42966334730116,16.63957159603099,19.165703334003943
fold_c,r025,25.0,222200048,train,36.66479864276367,0.010711483728317987,33.07482091808556,22.257254391105032,23.895609055443146
fold_c,r025,25.0,220700191,heldout,27.677102224980015,0.030900070466190935,27.742590912608932,16.989369265165678,19.22262588827723
fold_c,r025,25.0,222200041,heldout,27.004168932866435,0.03234982566227989,25.61195396320997,21.14166217487992,22.309749706702245
fold_c,r025,25.0,222200037,heldout,27.170470419424642,0.03219771385192871,27.946873353516505,16.80302688991803,19.109908274648117
fold_c,r025,25.0,222200038,heldout,24.88539044961786,0.04589901095122294,24.049842557985663,21.655827481656694,22.433560072232495
fold_c,r025,25.0,222200047,train,37.35871438255138,0.008964909447564019,35.34181290549559,16.83120374999863,19.44497686573993
fold_c,r025,25.0,222200043,train,34.872828335285256,0.01347593538688891,31.564448331845792,21.435918300975892,23.42577392279267
fold_c,r025,25.0,222200049,train,31.213965521832744,0.020591126782352594,33.44599693485969,17.27374412646929,20.068822501608537
fold_c,r025,25.0,222200039,train,34.47031662793006,0.013659623858232522,33.23430392068023,21.385619045288053,23.551994586987718
fold_c,r025,25.0,222200045,train,33.76931179372868,0.013440590638380785,34.88856384826077,21.31042451641802,23.99875139730102
fold_c,r025,25.0,221501007,train,32.98665402062385,0.011986928780873617,38.48691424340559,16.764868046198544,20.613057659397253
fold_c,r050,50.0,222200042,train,31.63461571716118,0.015212418635686238,39.64168031300128,26.360633014050837,30.21209912404517
fold_c,r050,50.0,222200044,train,30.898880541422848,0.019385868648313126,38.01890720510146,30.14899602281574,32.37822627239241
fold_c,r050,50.0,222200046,train,33.28306110432882,0.015364505083133013,36.761603626451105,30.72494898732782,32.8490671331234
fold_c,r050,50.0,222200040,train,26.494573897747614,0.037984396821709086,30.698487521816624,28.36860951275915,28.91933495191266
fold_c,r050,50.0,222200036,train,33.67225911859444,0.015284062543393293,36.33856558819662,28.29649061282272,30.327224400546662
fold_c,r050,50.0,222200048,train,33.891950430998904,0.015230624789283389,34.76999588879203,31.584884012758145,32.47082370775543
fold_c,r050,50.0,220700191,heldout,26.806586289243892,0.03386093430729755,28.07314246412126,28.3585814624641,28.12548037732803
fold_c,r050,50.0,222200041,heldout,26.801450962358032,0.03294740404401507,26.601218944774985,27.342521067327674,27.271446550018158
fold_c,r050,50.0,222200037,heldout,26.571878829498402,0.03333333333333333,27.029753740006143,27.125119463423264,27.21129462064061
fold_c,r050,50.0,222200038,heldout,25.238434701678596,0.04375880995607064,24.895363844104477,25.894424276471277,25.518408549890626
fold_c,r050,50.0,222200047,train,36.92553143570001,0.01013303648495505,36.56553742078812,28.98343439049721,30.999585242255314
fold_c,r050,50.0,222200043,train,34.34774291598331,0.01437116295400292,36.1068303552755,29.962804553560176,31.761086378554428
fold_c,r050,50.0,222200049,train,31.18876550816062,0.021944588967832492,35.19534161758137,28.56808879075539,30.407274459131038
fold_c,r050,50.0,222200039,train,34.71014935262631,0.014257485244317265,35.00531922062613,30.496479771649582,32.00720173097214
fold_c,r050,50.0,222200045,train,36.136251304912925,0.010692140994927822,38.960064284669905,29.03818296185665,31.806062402210745
fold_c,r050,50.0,221501007,train,34.27652809445166,0.011620915730794271,39.33639334747612,25.823812456999494,29.382212006343163
fold_c,r075,75.0,222200042,train,31.871251746708644,0.014722223083178202,40.7384799988171,32.458530146479944,35.54023913005408
fold_c,r075,75.0,222200044,train,32.270168629183125,0.016919474931632948,38.85284917425678,34.12144009166126,35.52086442013436
fold_c,r075,75.0,222200046,train,33.26995131086737,0.016128708766056942,37.24843932952908,36.247957444810964,36.73767149558864
fold_c,r075,75.0,222200040,train,27.437545306866053,0.03332911870812857,30.426667226443524,30.013189541903845,29.969276687250556
fold_c,r075,75.0,222200036,train,34.472347706485436,0.013044471785182997,36.440172278265194,35.13169046122008,35.65574402919397
fold_c,r075,75.0,222200048,train,34.54275660517581,0.013684406280517578,36.48853479507298,33.39884966829046,34.133968490375395
fold_c,r075,75.0,220700191,heldout,28.03498067309725,0.030907943066822957,27.247047178975315,31.176311233893962,28.985280802632552
fold_c,r075,75.0,222200041,heldout,28.545543844983158,0.02705259777250744,26.626285727058846,27.746068561330016,27.052042569952057
fold_c,r075,75.0,222200037,heldout,28.18048737278265,0.028905228773752848,26.799250797616093,30.483872872022935,28.529332672754673
fold_c,r075,75.0,222200038,heldout,26.9801400366555,0.03644751879124859,24.467473506137736,26.365640459079984,25.463956078221383
fold_c,r075,75.0,222200047,train,35.16747228270503,0.012358039828902441,37.54981029840937,36.45131022832151,36.73666393819651
fold_c,r075,75.0,222200043,train,33.26871798832846,0.016478509613961884,36.23161334402889,33.672921605856985,34.60683865330338
fold_c,r075,75.0,222200049,train,30.793601040581184,0.023066689482832376,35.12133589827955,33.7433517444929,33.90994512237053
fold_c,r075,75.0,222200039,train,33.30790444178104,0.0161220035503693,35.32439456228558,33.298513934175595,34.12805671075779
fold_c,r075,75.0,222200045,train,34.100477293831865,0.014194739170563526,39.65971465414326,33.0893200200737,34.783154983622154
fold_c,r075,75.0,221501007,train,32.797320334982516,0.013124183019002278,40.24274170372485,32.4576555028319,35.17250203029842
fold_c,r100,100.0,222200042,train,33.683850908528555,0.012450981140136718,41.14949185752171,35.00037133955716,37.54906274903828
fold_c,r100,100.0,222200044,train,32.534521816865436,0.016302873503487064,39.50482967774325,35.35990109239985,36.8173852845296
fold_c,r100,100.0,222200046,train,35.08611899512519,0.01321266981271597,37.033489674702324,36.55312724928301,36.83725418115269
fold_c,r100,100.0,222200040,train,27.319189668411905,0.03328694579421833,31.201810473045835,31.471922119173783,31.10097812129201
fold_c,r100,100.0,222200036,train,32.165474008239315,0.017615064874395625,36.765658932481955,36.22608253333594,36.453105049466295
fold_c,r100,100.0,222200048,train,35.411724760139265,0.012407095772879463,35.99737685164441,34.36694847366785,34.9115889737892
fold_c,r100,100.0,220700191,heldout,26.785806564123217,0.03368769113318509,26.766765862931663,31.51262780481651,28.826913711327812
fold_c,r100,100.0,222200041,heldout,26.869540743890205,0.032131961035350015,26.7240487735573,28.317078884460187,27.44228024646313
fold_c,r100,100.0,222200037,heldout,29.23160383942968,0.025138888756434122,27.11892313111216,30.91853685220798,28.89403382396977
fold_c,r100,100.0,222200038,heldout,26.308307713832416,0.040080737444310406,24.51566755079274,26.796110898114094,25.690785469628956
fold_c,r100,100.0,222200047,train,37.52963296651985,0.009586055791688022,37.215614330060674,38.01773834117392,37.677819821775515
fold_c,r100,100.0,222200043,train,33.96456653347592,0.014616755283240116,36.63227914214869,36.1332503228657,36.30720281471267
fold_c,r100,100.0,222200049,train,29.591418043744298,0.025519115031644658,35.50267799230813,34.50932139636183,34.399605739652884
fold_c,r100,100.0,222200039,train,35.26077700009774,0.012666564271123526,35.09138169439407,34.704734829907,34.81702102858033
fold_c,r100,100.0,222200045,train,35.916770627819595,0.011731191578074398,40.0893615284991,33.065444824373515,35.268391636729056
fold_c,r100,100.0,221501007,train,33.47251555023988,0.012431372801462809,40.46033186360701,35.711226040171816,37.40779947711935
fold_c,r150,150.0,222200042,train,31.520173462376796,0.015539215008417765,41.219397114510684,37.22229253023469,38.90286013164835
fold_c,r150,150.0,222200044,train,31.78628403647108,0.018806265585077635,39.22450989263629,35.997215462707246,36.94525399680228
fold_c,r150,150.0,222200046,train,34.6848659734547,0.014007038947863457,36.87626995936215,37.57891975942895,37.23601230739452
fold_c,r150,150.0,222200040,train,26.56082051806981,0.03774825885731687,31.01954809824342,32.49248489688084,31.562992225440965
fold_c,r150,150.0,222200036,train,32.38118779932245,0.017039168964732777,37.204379688340154,37.47529801848618,37.33727552364143
fold_c,r150,150.0,222200048,train,33.52769729480843,0.01567133585611979,35.89395774987168,37.087800855257846,36.56882122971504
fold_c,r150,150.0,220700191,heldout,26.983327607513992,0.03345145566396445,27.23699695451974,31.241675068445854,29.049907845395207
fold_c,r150,150.0,222200041,heldout,27.80928648847447,0.028440708584255642,26.071016204697525,28.972787078225714,27.26699232495126
fold_c,r150,150.0,222200037,heldout,28.127366766306196,0.027467318375905356,27.12141595471223,30.177168033238132,28.616547733703754
fold_c,r150,150.0,222200038,heldout,27.800642256958554,0.03376905902538424,24.729060930415944,27.005417966879985,25.76700753100221
fold_c,r150,150.0,222200047,train,36.33716039627954,0.0110230366952594,37.535152574195706,38.60819761735381,37.995503501457705
fold_c,r150,150.0,222200043,train,32.32328180335465,0.017429191897613834,36.11031667273382,35.89098282833183,36.04282500728253
fold_c,r150,150.0,222200049,train,31.08004231309778,0.022349470132923408,34.90475216311391,35.73511869044768,34.883908532419795
fold_c,r150,150.0,222200039,train,34.27017203028417,0.014875614057831677,36.08452731510309,35.904905224213564,35.85350705666468
fold_c,r150,150.0,222200045,train,35.6540069336803,0.012250714831882052,40.24791589526142,34.059791152865635,35.996762887441974
fold_c,r150,150.0,221501007,train,32.66537681082355,0.01330718994140625,40.26239477962413,36.08283251773864,37.712267701906285
fold_c,r200,200.0,222200042,train,30.763851270962668,0.017107844352722168,41.23763571116308,36.97211421864875,38.74540506117204
fold_c,r200,200.0,222200044,train,31.918844561783377,0.01774571526725337,38.76477678316222,35.69989711507779,36.69243673109734
fold_c,r200,200.0,222200046,train,33.654850378829664,0.015314229329427083,37.80740304179138,37.27726307612485,37.40832105601794
fold_c,r200,200.0,222200040,train,26.052925761863307,0.04082648164482527,31.380981520118816,32.202124057551615,31.485690351407328
fold_c,r200,200.0,222200036,train,33.24733517216512,0.016243885724972457,37.014604472552655,36.520556682562656,36.560168873954375
fold_c,r200,200.0,222200048,train,36.369339899224194,0.011249299730573382,36.40295576428647,35.41547989787059,35.599215921558674
fold_c,r200,200.0,220700191,heldout,27.869443173124125,0.031569415785701396,27.015783126397483,31.65111541241259,29.13764142367617
fold_c,r200,200.0,222200041,heldout,28.980911573475886,0.02639277624705481,26.27089163032104,28.530436972256716,27.54593171652028
fold_c,r200,200.0,222200037,heldout,28.79066121039735,0.025653594732284547,26.9766496669177,30.30572858800185,28.714767543378592
fold_c,r200,200.0,222200038,heldout,26.00736082589265,0.041701908984215434,24.632060947795154,26.379844965361574,25.548612327661843
fold_c,r200,200.0,222200047,train,37.41842723954418,0.009734389347951181,37.37255036889414,38.39454163350992,37.91974712827942
fold_c,r200,200.0,222200043,train,34.306084827748506,0.013895820848869554,36.32682204860664,35.92092051378078,36.032898443868085
fold_c,r200,200.0,222200049,train,30.527779940848575,0.022846897091485758,35.11068226439739,34.79609604641502,34.332588119504315
fold_c,r200,200.0,222200039,train,34.51450181719415,0.01375082173704793,35.98801528836273,35.18406382749209,35.288963153900234
fold_c,r200,200.0,222200045,train,35.81540954246552,0.011764706709446052,40.01304597017078,33.58293486405466,35.53679715187598
fold_c,r200,200.0,221501007,train,32.37815505713344,0.015320262908935546,40.44839982826105,36.197142293342296,37.75387453363454
fold_c,free,-1.0,222200042,train,32.073713029971834,0.014722223083178202,40.65767553500364,36.56152075027326,38.2044200483033
fold_c,free,-1.0,222200044,train,31.51243781027784,0.018658282621851506,39.40659715407743,35.491878834663964,36.79831979179784
fold_c,free,-1.0,222200046,train,35.29895130661048,0.012850678272736378,37.18272994617101,36.77993788561582,36.95033162757005
fold_c,free,-1.0,222200040,train,27.7570531028773,0.031752057229318925,31.124391107138393,32.58944748583767,31.56906298610455
fold_c,free,-1.0,222200036,train,33.591066655853375,0.014881849844694693,37.509939111059396,37.34511517312882,37.24717228941273
fold_c,free,-1.0,222200048,train,34.50705674950536,0.013901025681268601,36.63456555180109,36.94161177912493,36.65216336655322
fold_c,free,-1.0,220700191,heldout,29.047138324418412,0.02682888268466934,27.5125984524993,31.489018962166796,29.248251633868485
fold_c,free,-1.0,222200041,heldout,29.586393910196026,0.02505446539984809,27.636560546823436,29.25349527883955,28.28340228541144
fold_c,free,-1.0,222200037,heldout,27.930299972355456,0.029607840379079185,27.48459743352877,29.951507766829963,28.770981198047796
fold_c,free,-1.0,222200038,heldout,26.811987336804183,0.03737664690204695,25.076388185846948,27.35981618568177,26.169322959582544
fold_c,free,-1.0,222200047,train,36.48010845664514,0.010457515716552734,37.3218828691463,38.81138674424909,38.07184900933886
fold_c,free,-1.0,222200043,train,33.04707097649916,0.016716180666528566,36.26659158634552,36.61367501303356,36.28972421532066
fold_c,free,-1.0,222200049,train,30.438599525151325,0.023089825227900592,35.090153255385566,35.04469440992259,34.54557391647138
fold_c,free,-1.0,222200039,train,33.6869658722203,0.016000405146478068,35.80577835291284,35.52294960526705,35.46016061290396
fold_c,free,-1.0,222200045,train,35.16340039502193,0.012066366326095711,40.23097870752926,34.8654784463547,36.542223115985045
fold_c,free,-1.0,221501007,train,32.58026255777557,0.013477123578389486,40.372512165985974,36.2356354044848,37.80434204320333
fold_d,hard,0.0,222200042,heldout,17.556471809661517,0.11040850480397542,18.180564208808132,11.628507618019245,14.57301912704095
fold_d,hard,0.0,222200044,heldout,24.151894867384627,0.04805771509806315,17.14527765272402,12.23488281300137,13.988771699977015
fold_d,hard,0.0,222200046,train,31.167688132495414,0.020844645377917168,26.124827277821705,12.620146313699571,15.602525582008568
fold_d,hard,0.0,222200040,train,27.90541132490851,0.02937381293184014,23.790777988391817,13.682045377959515,15.562409441536072
fold_d,hard,0.0,222200036,train,35.01795884930332,0.013263860226789,25.774265488372386,10.187143291028462,12.677046504508997
fold_d,hard,0.0,222200048,train,32.54234698107148,0.017486461457752046,23.375123340585592,12.37489332142627,14.08090712745755
fold_d,hard,0.0,220700191,train,36.68637529338946,0.01073312759399414,24.566432924061942,10.304193298510146,12.706455744752338
fold_d,hard,0.0,222200041,train,34.88797917303905,0.013488949669731989,21.578743085329577,12.16109996911925,13.8118501917151
fold_d,hard,0.0,222200037,train,36.487275783005444,0.01124182939529419,24.220098967383237,10.307228134465753,12.753415425051315
fold_d,hard,0.0,222200038,train,33.320033101385896,0.01610918761857974,20.484169467934734,13.996802232227024,15.57023508581533
fold_d,hard,0.0,222200047,train,35.768123592561224,0.011532934563097943,24.32168781282554,10.219026177485347,12.762341999366429
fold_d,hard,0.0,222200043,train,34.389803389471666,0.01437116295400292,24.250601096214382,12.315632797056344,14.561549451902616
fold_d,hard,0.0,222200049,train,30.563746680552043,0.023089825227900592,26.081320116878647,10.542605835385148,13.36933257029752
fold_d,hard,0.0,222200039,train,30.834803139224046,0.020590768612016388,23.919195745326007,12.21241948857642,14.655379604760947
fold_d,hard,0.0,222200045,heldout,16.51863340168631,0.10859729082156451,17.081134146791037,12.022737488281656,14.052327430946622
fold_d,hard,0.0,221501007,heldout,24.390962165597593,0.04636601448059082,18.384000908393,11.127034506815308,13.995711650980894
fold_d,r010,10.0,222200042,heldout,21.97410729044686,0.06382352908452352,20.129017913163445,13.578515465476935,16.48977826211022
fold_d,r010,10.0,222200044,heldout,22.283971508084385,0.05715871606982729,18.749606708049075,15.692918822695919,16.928318903982586
fold_d,r010,10.0,222200046,train,34.53439369165364,0.014127701979417068,34.246617767949594,14.840536638832898,17.953447875260416
fold_d,r010,10.0,222200040,train,30.14036402077458,0.024043852283108617,29.942840509092665,16.638592901237736,18.546933793033634
fold_d,r010,10.0,222200036,train,36.130926657982684,0.011417340009640425,34.02549626424651,12.209005098835917,14.758438839697384
fold_d,r010,10.0,222200048,train,33.515961513429275,0.016993462698800223,29.42921830383282,15.78395995236314,17.46439821344317
fold_d,r010,10.0,220700191,train,38.218009385926656,0.008906213155233237,33.62682629315901,12.43555465305796,14.915914760838815
fold_d,r010,10.0,222200041,train,38.65475547427109,0.008577653339930944,26.574108855642365,15.486050794838606,17.063684548827005
fold_d,r010,10.0,222200037,train,37.23101713796035,0.01044934590657552,34.436748911389564,12.423095374011137,14.95950132900745
fold_d,r010,10.0,222200038,train,32.30282043596279,0.020171728009491963,24.523058584891402,17.255348913332387,18.688118421856252
fold_d,r010,10.0,222200047,train,38.35302761486927,0.008612616969620365,33.053366245997935,12.403222292762024,15.039312724799993
fold_d,r010,10.0,222200043,train,32.59663273885923,0.01910873374553642,27.691626352595037,15.504040071088435,17.582500231816343
fold_d,r010,10.0,222200049,train,36.52464019913718,0.010746716749703285,33.4428641452646,12.805032917818714,15.703440481059104
fold_d,r010,10.0,222200039,train,34.92413583619828,0.013375892195590707,29.446663454274947,14.994103267286075,17.41823065419163
fold_d,r010,10.0,222200045,heldout,20.120637950334284,0.08188369946602063,19.54750779999756,14.83053564588359,16.50259638951715
fold_d,r010,10.0,221501007,heldout,24.539218186745533,0.044013074239095056,21.303106470334413,13.018068747757098,15.992055435718257
fold_d,r025,25.0,222200042,heldout,24.587557664501283,0.04380719264348348,18.960755005365804,16.397509774315452,17.861721205454963
fold_d,r025,25.0,222200044,heldout,21.963802612009204,0.06685164589552009,18.700399915555767,19.579201102575624,19.075989936434887
fold_d,r025,25.0,222200046,train,35.61161451878112,0.011945702479435848,37.26361388004713,19.541608753722937,22.627948313814834
fold_d,r025,25.0,222200040,train,28.409173818348226,0.029222012591618364,34.61649775762035,22.676526482065526,24.382911561798608
fold_d,r025,25.0,222200036,train,36.517473420036566,0.010786598934716,36.826650493258256,16.711315551606518,19.24962039516445
fold_d,r025,25.0,222200048,train,34.88895961969955,0.013527543204171317,34.688242999080366,22.926685816787217,24.635624987779043
fold_d,r025,25.0,220700191,train,37.66643230846641,0.009402315300631237,36.333536357691216,17.271688091569587,19.730616580993487
fold_d,r025,25.0,222200041,train,38.382690959895996,0.009019607210916186,32.858576233807064,21.913527892714228,23.811876112942013
fold_d,r025,25.0,222200037,train,37.742450523044944,0.00951797366142273,37.55314058568692,17.259783450386383,19.782579679068974
fold_d,r025,25.0,222200038,train,32.927638655616505,0.017864922292871413,31.198794134436447,22.458150658765035,24.452247322689708
fold_d,r025,25.0,222200047,train,35.97811089014875,0.011811059135635411,35.89313968065938,17.257260462196925,19.87311099650405
fold_d,r025,25.0,222200043,train,31.118875910664492,0.022459893274788905,32.27096354210853,21.72143649151911,23.890536426730048
fold_d,r025,25.0,222200049,train,32.17961506833435,0.01784950020038976,35.584948547773045,17.655857101394997,20.494550594566732
fold_d,r025,25.0,222200039,train,36.27151189360794,0.010558847925151658,34.888969083158415,21.598318655897486,23.823583386362934
fold_d,r025,25.0,222200045,heldout,24.64833716210688,0.04281883973341722,19.886627619605697,19.368980453983223,19.217039170693027
fold_d,r025,25.0,221501007,heldout,22.50010796828406,0.06253594716389974,19.277435913104235,16.072346611066777,17.66571513673566
fold_d,r050,50.0,222200042,heldout,21.232980346744647,0.07320261796315511,19.483575644963487,20.417375572358786,19.909663757994316
fold_d,r050,50.0,222200044,heldout,20.143167661218953,0.07616229027322254,18.202512334785034,22.021991893580456,19.696340767095943
fold_d,r050,50.0,222200046,train,33.35513899631483,0.015384615384615385,38.7516536786232,30.66682515469885,33.15631687187843
fold_d,r050,50.0,222200040,train,30.139919014049003,0.022584861837407592,35.124912439890224,28.8101702886903,30.234876695909975
fold_d,r050,50.0,222200036,train,35.47580871436429,0.011755564273932042,38.99549753261588,29.35685396310471,31.534995082266605
fold_d,r050,50.0,222200048,train,34.734869959505374,0.014095237368629093,36.32352866373489,32.22082701849537,33.18839387118161
fold_d,r050,50.0,220700191,train,38.42110263383154,0.008898337682088217,38.57564900039493,31.457906500592987,33.32874236109915
fold_d,r050,50.0,222200041,train,39.071560929199194,0.007986306387280661,38.05577940358645,30.20750758102457,31.97680333888463
fold_d,r050,50.0,222200037,train,37.27685771286995,0.01020424763361613,38.1228109210622,29.307520626329655,31.458680757938602
fold_d,r050,50.0,222200038,train,32.33614401925938,0.02013968953899309,33.57309558123909,29.617499552553266,30.885181829623207
fold_d,r050,50.0,222200047,train,37.39496335579008,0.009780745134286001,37.80938492278928,29.642177803333617,31.709505635945234
fold_d,r050,50.0,222200043,train,31.152524481152586,0.02310952658605094,34.99547644716127,31.134406950849506,32.37056016838935
fold_d,r050,50.0,222200049,train,33.685381804560116,0.014263404857444201,37.92564353927031,28.253073731370876,30.61635549834979
fold_d,r050,50.0,222200039,train,35.29101698061537,0.012038303592100315,36.97253943100148,30.65053431125036,32.39964531702594
fold_d,r050,50.0,222200045,heldout,23.473670608238105,0.04816490972143972,18.376502316825764,23.930375294960903,19.892079858733666
fold_d,r050,50.0,221501007,heldout,22.001799653405357,0.06796078999837239,18.59817496038691,21.43405529852922,19.62900614808089
fold_d,r075,75.0,222200042,heldout,22.76542889183648,0.05359477599461873,19.428857828682006,18.980531386264293,19.35063221475225
fold_d,r075,75.0,222200044,heldout,23.463805580468694,0.051596989421724526,18.33929348067046,20.37448089709361,19.22247306552855
fold_d,r075,75.0,222200046,train,34.546085242041265,0.01348416255070613,38.56604261724612,36.44236979473695,37.37689011729887
fold_d,r075,75.0,222200040,train,31.420369652794335,0.018823529315251174,35.27958986992387,30.33529223376927,31.584740273800573
fold_d,r075,75.0,222200036,train,35.128610208942845,0.01155445792458274,39.601232498224604,37.15913222610684,37.95786950990596
fold_d,r075,75.0,222200048,train,35.05930868238161,0.012870214553106399,35.36932273213263,34.01714804650713,34.296603247594234
fold_d,r075,75.0,220700191,train,37.31652075314091,0.009551933012812971,39.02515879757622,38.8570969344871,38.91817092246211
fold_d,r075,75.0,222200041,train,40.20244151905662,0.0073202617584712925,38.569097812523495,34.72362477959271,35.94332965802716
fold_d,r075,75.0,222200037,train,37.523825284629794,0.009983659783999125,38.0445319698268,36.671121150062305,37.3170193301037
fold_d,r075,75.0,222200038,train,33.21169646425754,0.01723695892134523,33.487713984743415,34.48277797462928,33.892674778530285
fold_d,r075,75.0,222200047,train,37.12938071749146,0.010559494613755679,37.53631337045595,37.665827948296,37.569127633306834
fold_d,r075,75.0,222200043,train,32.66861902584858,0.01810259385542436,35.3593524635837,35.382378713843615,34.96446810305235
fold_d,r075,75.0,222200049,train,33.199041712119765,0.01470298964013744,37.789932231718446,33.77510598362725,35.07816372168333
fold_d,r075,75.0,222200039,train,36.36166967966929,0.010153518474687286,37.829122032596786,35.05870715875071,35.772722327995325
fold_d,r075,75.0,222200045,heldout,23.860272181078315,0.048265465304382846,18.65349834810469,24.46629787745514,19.91716256928997
fold_d,r075,75.0,221501007,heldout,21.739193782755073,0.06405228932698567,19.20299649151323,20.112053603363602,19.577460516044955
fold_d,r100,100.0,222200042,heldout,20.466891203333617,0.07187908490498861,18.922425792351497,18.641613827328516,18.908156279362856
fold_d,r100,100.0,222200044,heldout,21.19986941260526,0.06897274953014446,17.80936359836992,22.162151033792064,19.45897421726717
fold_d,r100,100.0,222200046,train,33.1247793997693,0.015263951130402393,39.23219258265839,37.678447994005154,38.46788726826736
fold_d,r100,100.0,222200040,train,31.74236983128263,0.017221167779737902,35.50449582494436,33.067795550086664,33.785142679806015
fold_d,r100,100.0,222200036,train,37.00384798550863,0.009808491437863082,38.91689590383444,38.54180205983736,38.729901565136274
fold_d,r100,100.0,222200048,train,36.81920187271644,0.010375349862234933,36.24975669503602,36.20108234348807,35.90415804361242
fold_d,r100,100.0,220700191,train,38.36367741368263,0.008536105175094911,39.15812354260973,39.83909019980571,39.698369662332745
fold_d,r100,100.0,222200041,train,39.23200861983052,0.007662620241679842,38.31729160965101,36.95537420558487,37.62934295691259
fold_d,r100,100.0,222200037,train,39.040372420300464,0.008210784196853638,39.37434541813785,37.143798642009045,38.084197473056996
fold_d,r100,100.0,222200038,train,34.01092286651725,0.014718697741140728,33.30249300911878,35.87065884120711,34.646252985739274
fold_d,r100,100.0,222200047,train,38.75821028966157,0.00824178364259977,37.86049454835861,38.92021973032338,38.37225643122948
fold_d,r100,100.0,222200043,train,31.9735348266733,0.02008318467573686,34.87451126506884,35.80829823718552,35.15298409811872
fold_d,r100,100.0,222200049,train,32.65040812955344,0.015732545768265174,37.88945514023513,34.81151594412206,35.77684539331523
fold_d,r100,100.0,222200039,train,37.129058584118674,0.009727921596793242,38.3950032733799,35.82371769044193,36.46876221467915
fold_d,r100,100.0,222200045,heldout,21.74595322270875,0.05786828098134098,17.983920532590197,23.680381189914815,19.19445097520308
fold_d,r100,100.0,221501007,heldout,21.933819479792398,0.061490198771158855,19.074345467582283,19.56420402467945,19.312452789219492
fold_d,r150,150.0,222200042,heldout,20.48608466782321,0.06802287896474203,18.681839500360088,19.02960061203119,18.88272652243623
fold_d,r150,150.0,222200044,heldout,21.17372907851177,0.06767789372858012,17.848234539717392,20.869029554209266,18.93862033034879
fold_d,r150,150.0,222200046,train,34.00296779003426,0.013685268010848607,39.7863196905269,37.966594491977496,38.71412255031831
fold_d,r150,150.0,222200040,train,30.356145688090326,0.02057769324189873,35.647741128755655,34.29033481319106,34.58410398902582
fold_d,r150,150.0,222200036,train,35.99881639085566,0.011124822087499089,38.98342785163799,39.99498865522549,39.54336711727019
fold_d,r150,150.0,222200048,train,34.5333521013698,0.013848738897414434,37.43642188410063,36.78766356239775,36.643444769839334
fold_d,r150,150.0,220700191,train,37.30352715242813,0.009457437867620384,39.95258749038812,40.92351511483518,40.56213025651946
fold_d,r150,150.0,222200041,train,39.551738286683474,0.00783068717472137,39.23266638540704,39.76111526772249,39.750554747455354
fold_d,r150,150.0,222200037,train,38.65014025902374,0.008766339222590128,39.513000353534494,38.94349424691637,39.33799070541022
fold_d,r150,150.0,222200038,train,33.651879953693154,0.016166858423769085,34.21542940591718,35.545061536103866,34.68062510188708
fold_d,r150,150.0,222200047,train,36.45141857003585,0.011152829966082923,39.13597223452396,39.88537477659905,39.3071974441274
fold_d,r150,150.0,222200043,train,32.50583267817915,0.01891859805945194,35.731752704141236,36.259858742117615,35.647119342742656
fold_d,r150,150.0,222200049,train,33.58437873032507,0.014425356479520994,38.33791155757497,35.89392757175808,36.57649494121655
fold_d,r150,150.0,222200039,train,35.87210386018847,0.011551906280123295,38.53144388533918,35.97336312725219,36.748478372621804
fold_d,r150,150.0,222200045,heldout,22.18801112072142,0.05818669816367646,19.0208338275284,25.075125226225104,19.957677019464796
fold_d,r150,150.0,221501007,heldout,21.854755615763732,0.062222226460774736,19.138137542633075,18.546880802742912,18.92169748611349
fold_d,r200,200.0,222200042,heldout,21.281714242885464,0.059754908084869385,19.36179934421018,16.685830657839297,18.24402630590026
fold_d,r200,200.0,222200044,heldout,21.589854835588053,0.0668023187409407,18.229642576789455,21.050227921156008,19.425162709995977
fold_d,r200,200.0,222200046,train,34.6768140000547,0.012197083693284256,39.29378008491308,37.7711758192755,38.12532906516403
fold_d,r200,200.0,222200040,train,31.73979635175764,0.017693443708522345,36.07201976880641,33.82049209292846,34.276149791895065
fold_d,r200,200.0,222200036,train,35.68742722461775,0.01192010532725941,39.51783039081405,38.982853336880616,39.13805889957371
fold_d,r200,200.0,222200048,train,34.70169206047372,0.012720821017310733,36.904330306509834,37.12034977941121,36.9023091063799
fold_d,r200,200.0,220700191,train,37.57109821868495,0.009378690796204838,39.51284307068339,40.89739925206234,40.333834823835204
fold_d,r200,200.0,222200041,train,39.7243667965953,0.0075754740881541415,39.24881719582078,38.65152494192834,38.959323955769165
fold_d,r200,200.0,222200037,train,37.65399945873304,0.009844771027565003,39.29413498754564,38.080592036198794,38.68869681757466
fold_d,r200,200.0,222200038,train,34.055950601756116,0.015019864038704268,33.7782533885857,36.04571430183352,34.734512615239744
fold_d,r200,200.0,222200047,train,37.04780910124862,0.010068140413180592,39.061500561580324,38.74670677319551,38.68342693830573
fold_d,r200,200.0,222200043,train,33.47277081149498,0.016415131694138652,36.17322560621206,36.91473353284716,36.19000644824577
fold_d,r200,200.0,222200049,train,35.001096175955134,0.012667014535549468,38.57687584920225,35.67020161294836,36.55293821904661
fold_d,r200,200.0,222200039,train,37.35773580963539,0.009910319818698774,38.20300983445793,36.0175335326247,36.3268926853941
fold_d,r200,200.0,222200045,heldout,22.885787940060673,0.05222054832002036,19.243075237748425,24.04518558687404,20.128340802880412
fold_d,r200,200.0,221501007,heldout,22.257286006974365,0.06622222264607748,18.94299998706313,18.11994599532623,18.631522887563747
fold_d,free,-1.0,222200042,heldout,19.61635941199877,0.08014705975850424,20.025026842740683,17.26649557503499,18.781244680070653
fold_d,free,-1.0,222200044,heldout,19.618104694717257,0.08190899974894973,18.768954940818933,20.146578441552695,19.4420296734622
fold_d,free,-1.0,222200046,train,34.4429299445333,0.013604826804919121,39.2274377466562,38.436850803429444,38.70073321504569
fold_d,free,-1.0,222200040,train,32.44374074574592,0.016723591794249832,35.248484573084596,33.53615694266172,33.887964899328644
fold_d,free,-1.0,222200036,train,35.64095966103726,0.011782988523825621,39.703934682713964,40.631936458665486,39.83981388420807
fold_d,free,-1.0,222200048,train,34.90309975204064,0.013243697030203684,36.69192109353668,36.8399809478718,36.48347078001011
fold_d,free,-1.0,220700191,train,38.25823443979018,0.0091030779612591,39.4025329570938,41.67614056863927,40.689168220056324
fold_d,free,-1.0,222200041,train,38.10537243144467,0.009243697211855934,39.648565317157974,39.13115040886327,39.314959181463244
fold_d,free,-1.0,222200037,train,38.076853294006526,0.008954248825709025,39.250473659869755,39.283214162527905,39.35319712192458
fold_d,free,-1.0,222200038,train,32.20508177576004,0.01949890922097599,33.80240198479678,35.75395383050704,34.6444367879996
fold_d,free,-1.0,222200047,train,37.33386106078679,0.010068140413180592,38.62723411590437,39.664649978549036,38.942431597478766
fold_d,free,-1.0,222200043,train,31.271125537655724,0.022673795680807095,35.122986008144835,36.38442418906474,35.44829315134814
fold_d,free,-1.0,222200049,train,33.037469755918536,0.01692405633166828,38.381085437416836,36.16640805096319,36.70919662983083
fold_d,free,-1.0,222200039,train,35.994562451471175,0.011359374960571605,37.23350045169016,36.70071827012547,36.590782369636884
fold_d,free,-1.0,222200045,heldout,21.548976268416542,0.06090162554357806,19.105987777677612,25.11213672601798,20.495482437291027
fold_d,free,-1.0,221501007,heldout,22.65744655042589,0.059803924560546874,18.318393500436052,19.300729563397738,18.837569651358972
