ci_high,ci_low,identity_count,mean,method,metric,n_id,n_obs,region,seed_aggregation,seed_count
0.29733459873498,0.25904656774230156,20,0.2776510530283648,adaptive,lpips_alex_spatial,8,1,head_foreground,mean within held-out identity before identity bootstrap,3
0.2958807521635748,0.2581634495481559,20,0.2766974461508988,adaptive,lpips_alex_spatial,8,1,head_supported,mean within held-out identity before identity bootstrap,3
0.3123659604564159,0.2556495634558339,20,0.28364692205911113,adaptive,lpips_alex_spatial,8,1,head_unsupported,mean within held-out identity before identity bootstrap,3
0.5116850686817351,0.46242908128942306,20,0.48724948812964125,adaptive,lpips_alex_spatial,8,1,torso_outside_head_roi,mean within held-out identity before identity bootstrap,3
0.2903756308163852,0.2540430751399349,20,0.2718723778000146,adaptive,lpips_alex_spatial,8,4,head_foreground,mean within held-out identity before identity bootstrap,3
0.28938247045859894,0.2531424526635248,20,0.2708644739154499,adaptive,lpips_alex_spatial,8,4,head_supported,mean within held-out identity before identity bootstrap,3
0.30643499219047005,0.25079296543316815,20,0.2787163507403966,adaptive,lpips_alex_spatial,8,4,head_unsupported,mean within held-out identity before identity bootstrap,3
0.5191147946392443,0.4477437309879516,20,0.48289808852718624,adaptive,lpips_alex_spatial,8,4,torso_outside_head_roi,mean within held-out identity before identity bootstrap,3
0.28384779754061057,0.2456347834002963,20,0.26411509177314496,adaptive,lpips_alex_spatial,8,8,head_foreground,mean within held-out identity before identity bootstrap,3
0.2826541321515093,0.244958692986314,20,0.2631538415705219,adaptive,lpips_alex_spatial,8,8,head_supported,mean within held-out identity before identity bootstrap,3
0.3025746408725624,0.2444527025878994,20,0.2726127123491747,adaptive,lpips_alex_spatial,8,8,head_unsupported,mean within held-out identity before identity bootstrap,3
0.5098031234431584,0.44123777269556874,20,0.4753992809052333,adaptive,lpips_alex_spatial,8,8,torso_outside_head_roi,mean within held-out identity before identity bootstrap,3
0.2644850949557151,0.23013410577240434,20,0.24638772294195563,hard,lpips_alex_spatial,8,1,head_foreground,mean within held-out identity before identity bootstrap,3
0.262909829379658,0.22856711869825527,20,0.2445480730697031,hard,lpips_alex_spatial,8,1,head_supported,mean within held-out identity before identity bootstrap,3
0.28646971820257894,0.22634856624807909,20,0.25642874128947907,hard,lpips_alex_spatial,8,1,head_unsupported,mean within held-out identity before identity bootstrap,3
0.5592438871016658,0.4778132374454007,20,0.5190299631646121,hard,lpips_alex_spatial,8,1,torso_outside_head_roi,mean within held-out identity before identity bootstrap,3
0.256462575091973,0.21985310123174515,20,0.23740406884495252,hard,lpips_alex_spatial,8,4,head_foreground,mean within held-out identity before identity bootstrap,3
0.2539332481159675,0.21868627274627692,20,0.23547186556336808,hard,lpips_alex_spatial,8,4,head_supported,mean within held-out identity before identity bootstrap,3
0.278738149340007,0.21891985482609233,20,0.24830955593724865,hard,lpips_alex_spatial,8,4,head_unsupported,mean within held-out identity before identity bootstrap,3
0.5561802310437142,0.47764699338973776,20,0.5167049684635642,hard,lpips_alex_spatial,8,4,torso_outside_head_roi,mean within held-out identity before identity bootstrap,3
0.25186003840769067,0.21322602896859763,20,0.2315310403655125,hard,lpips_alex_spatial,8,8,head_foreground,mean within held-out identity before identity bootstrap,3
0.248990762768794,0.2115336584935223,20,0.22970950014349145,hard,lpips_alex_spatial,8,8,head_supported,mean within held-out identity before identity bootstrap,3
0.2724309714268316,0.2122308330168613,20,0.24254018374308844,hard,lpips_alex_spatial,8,8,head_unsupported,mean within held-out identity before identity bootstrap,3
0.5543875500603814,0.4720184987995597,20,0.5130408538608604,hard,lpips_alex_spatial,8,8,torso_outside_head_roi,mean within held-out identity before identity bootstrap,3
0.3175536340023399,0.28251798645263193,20,0.3001892892210626,released,lpips_alex_spatial,8,1,head_foreground,mean within held-out identity before identity bootstrap,3
0.3164035452122826,0.28132853606268987,20,0.29892481926465125,released,lpips_alex_spatial,8,1,head_supported,mean within held-out identity before identity bootstrap,3
0.3369144852112753,0.28001702439450854,20,0.3077383668570832,released,lpips_alex_spatial,8,1,head_unsupported,mean within held-out identity before identity bootstrap,3
0.5596959846259593,0.5008782538560868,20,0.5311913341197092,released,lpips_alex_spatial,8,1,torso_outside_head_roi,mean within held-out identity before identity bootstrap,3
0.308785382741999,0.2694981457575613,20,0.2892230433297894,released,lpips_alex_spatial,8,4,head_foreground,mean within held-out identity before identity bootstrap,3
0.3071526990250515,0.26874295247006696,20,0.2877958931039291,released,lpips_alex_spatial,8,4,head_supported,mean within held-out identity before identity bootstrap,3
0.3288394354822433,0.27008332383388217,20,0.2994426587130165,released,lpips_alex_spatial,8,4,head_unsupported,mean within held-out identity before identity bootstrap,3
0.5568661485848321,0.4839937853130653,20,0.5209419107074074,released,lpips_alex_spatial,8,4,torso_outside_head_roi,mean within held-out identity before identity bootstrap,3
0.2998304751981147,0.25949211778932546,20,0.2793449433980003,released,lpips_alex_spatial,8,8,head_foreground,mean within held-out identity before identity bootstrap,3
0.2979179459370919,0.2592948372713674,20,0.27805851859728664,released,lpips_alex_spatial,8,8,head_supported,mean within held-out identity before identity bootstrap,3
0.31993968102827747,0.25998454577659963,20,0.2902674324150226,released,lpips_alex_spatial,8,8,head_unsupported,mean within held-out identity before identity bootstrap,3
0.5494877552450402,0.4773064818517211,20,0.5140912343058,released,lpips_alex_spatial,8,8,torso_outside_head_roi,mean within held-out identity before identity bootstrap,3
0.3214510238052478,0.279518911838793,20,0.29980625562664953,adaptive,lpips_alex_spatial,32,1,head_foreground,mean within held-out identity before identity bootstrap,3
0.3213978122933036,0.27978250344783984,20,0.3000804774116151,adaptive,lpips_alex_spatial,32,1,head_supported,mean within held-out identity before identity bootstrap,3
0.3335170416189659,0.2653694080655904,20,0.29724399296468695,adaptive,lpips_alex_spatial,32,1,head_unsupported,mean within held-out identity before identity bootstrap,3
0.5264322005125124,0.4640586724413443,20,0.49490763001603977,adaptive,lpips_alex_spatial,32,1,torso_outside_head_roi,mean within held-out identity before identity bootstrap,3
0.314060116781293,0.269932980032741,20,0.2918987716356341,adaptive,lpips_alex_spatial,32,4,head_foreground,mean within held-out identity before identity bootstrap,3
0.31469297258434015,0.2703675127987873,20,0.29208734165714023,adaptive,lpips_alex_spatial,32,4,head_supported,mean within held-out identity before identity bootstrap,3
0.32612552590751415,0.259253180338167,20,0.2907441895958569,adaptive,lpips_alex_spatial,32,4,head_unsupported,mean within held-out identity before identity bootstrap,3
0.5207785753015934,0.4590375584573407,20,0.4890336890877961,adaptive,lpips_alex_spatial,32,4,torso_outside_head_roi,mean within held-out identity before identity bootstrap,3
0.30743307756818383,0.26042674006923894,20,0.2833553774893531,adaptive,lpips_alex_spatial,32,8,head_foreground,mean within held-out identity before identity bootstrap,3
0.3069807680555816,0.26079084087926535,20,0.28366002410788843,adaptive,lpips_alex_spatial,32,8,head_supported,mean within held-out identity before identity bootstrap,3
0.3168402148927915,0.24952472151213378,20,0.28151815416340115,adaptive,lpips_alex_spatial,32,8,head_unsupported,mean within held-out identity before identity bootstrap,3
0.5109775147041128,0.4549033702314269,20,0.48254854877680675,adaptive,lpips_alex_spatial,32,8,torso_outside_head_roi,mean within held-out identity before identity bootstrap,3
0.25774427735601113,0.2231421549187454,20,0.24001903850555467,hard,lpips_alex_spatial,32,1,head_foreground,mean within held-out identity before identity bootstrap,3
0.2559389691273444,0.22206357848260788,20,0.23821402851725115,hard,lpips_alex_spatial,32,1,head_supported,mean within held-out identity before identity bootstrap,3
0.27753938290460556,0.21964259002923672,20,0.24888653891150328,hard,lpips_alex_spatial,32,1,head_unsupported,mean within held-out identity before identity bootstrap,3
0.5569171921622937,0.47415113265535974,20,0.5157611848515502,hard,lpips_alex_spatial,32,1,torso_outside_head_roi,mean within held-out identity before identity bootstrap,3
0.25051802420053987,0.2143064325446161,20,0.2317402574332629,hard,lpips_alex_spatial,32,4,head_foreground,mean within held-out identity before identity bootstrap,3
0.24783945343296254,0.21283040858549787,20,0.22982561458040113,hard,lpips_alex_spatial,32,4,head_supported,mean within held-out identity before identity bootstrap,3
0.2716576433779879,0.21217571977404814,20,0.24199685012566224,hard,lpips_alex_spatial,32,4,head_unsupported,mean within held-out identity before identity bootstrap,3
0.5531751778095894,0.47197933583262897,20,0.5123217176607868,hard,lpips_alex_spatial,32,4,torso_outside_head_roi,mean within held-out identity before identity bootstrap,3
0.24656172020605832,0.20888874281041792,20,0.22702132572526806,hard,lpips_alex_spatial,32,8,head_foreground,mean within held-out identity before identity bootstrap,3
0.24442738024417385,0.207174328185417,20,0.22518457556289256,hard,lpips_alex_spatial,32,8,head_supported,mean within held-out identity before identity bootstrap,3
0.26837643027308217,0.20733024078475068,20,0.2377485673382221,hard,lpips_alex_spatial,32,8,head_unsupported,mean within held-out identity before identity bootstrap,3
0.5505073132163009,0.4678090045053636,20,0.5089619949338107,hard,lpips_alex_spatial,32,8,torso_outside_head_roi,mean within held-out identity before identity bootstrap,3
0.3240578766181746,0.28160364865317405,20,0.3026240628372109,released,lpips_alex_spatial,32,1,head_foreground,mean within held-out identity before identity bootstrap,3
0.3255313897945405,0.28279158650836317,20,0.30342694788081037,released,lpips_alex_spatial,32,1,head_supported,mean within held-out identity before identity bootstrap,3
0.3248079758859026,0.26404500582047186,20,0.2940448146381719,released,lpips_alex_spatial,32,1,head_unsupported,mean within held-out identity before identity bootstrap,3
0.5205282549731779,0.4638628129897516,20,0.49154389347979094,released,lpips_alex_spatial,32,1,torso_outside_head_roi,mean within held-out identity before identity bootstrap,3
0.319853872690333,0.2774723115303417,20,0.29778370559447354,released,lpips_alex_spatial,32,4,head_foreground,mean within held-out identity before identity bootstrap,3
0.3204060192266207,0.27797093813690543,20,0.2987537039160578,released,lpips_alex_spatial,32,4,head_supported,mean within held-out identity before identity bootstrap,3
0.3164115639120895,0.261033643481198,20,0.28803119758496354,released,lpips_alex_spatial,32,4,head_unsupported,mean within held-out identity before identity bootstrap,3
0.5243767727091431,0.46521132756723954,20,0.4952789160437554,released,lpips_alex_spatial,32,4,torso_outside_head_roi,mean within held-out identity before identity bootstrap,3
0.3116009973083449,0.2692484336278444,20,0.28985864862231836,released,lpips_alex_spatial,32,8,head_foreground,mean within held-out identity before identity bootstrap,3
0.31322053783233794,0.27011102883591603,20,0.29107327271917555,released,lpips_alex_spatial,32,8,head_supported,mean within held-out identity before identity bootstrap,3
0.30689577349583747,0.2515333534059875,20,0.27881118401182164,released,lpips_alex_spatial,32,8,head_unsupported,mean within held-out identity before identity bootstrap,3
0.5176934003985139,0.4616642072966908,20,0.48934549926253307,released,lpips_alex_spatial,32,8,torso_outside_head_roi,mean within held-out identity before identity bootstrap,3
0.31227331846437567,0.26183434663299165,20,0.2868945875745809,adaptive,lpips_alex_spatial,128,1,head_foreground,mean within held-out identity before identity bootstrap,3
0.3128930942029636,0.26278666662548494,20,0.2870389495879761,adaptive,lpips_alex_spatial,128,1,head_supported,mean within held-out identity before identity bootstrap,3
0.3245209350853968,0.2515811808779286,20,0.2866098337332896,adaptive,lpips_alex_spatial,128,1,head_unsupported,mean within held-out identity before identity bootstrap,3
0.5012346080905191,0.4354124182170663,20,0.46787073594400697,adaptive,lpips_alex_spatial,128,1,torso_outside_head_roi,mean within held-out identity before identity bootstrap,3
0.30993237672425594,0.2555859320062127,20,0.2821443023492028,adaptive,lpips_alex_spatial,128,4,head_foreground,mean within held-out identity before identity bootstrap,3
0.3097583930607596,0.2564008939984033,20,0.28239500129196415,adaptive,lpips_alex_spatial,128,4,head_supported,mean within held-out identity before identity bootstrap,3
0.3162059151636075,0.24620020307936663,20,0.28096404313779155,adaptive,lpips_alex_spatial,128,4,head_unsupported,mean within held-out identity before identity bootstrap,3
0.4988894500649131,0.4317439457275505,20,0.4651083053101326,adaptive,lpips_alex_spatial,128,4,torso_outside_head_roi,mean within held-out identity before identity bootstrap,3
0.30151122360962523,0.24646263039923824,20,0.27354589312861377,adaptive,lpips_alex_spatial,128,8,head_foreground,mean within held-out identity before identity bootstrap,3
0.3022895231201363,0.24631195861030084,20,0.274071059160771,adaptive,lpips_alex_spatial,128,8,head_supported,mean within held-out identity before identity bootstrap,3
0.30717882944179986,0.23586397903386627,20,0.2710614513250139,adaptive,lpips_alex_spatial,128,8,head_unsupported,mean within held-out identity before identity bootstrap,3
0.49141822491943676,0.42551860018673265,20,0.4579661724639763,adaptive,lpips_alex_spatial,128,8,torso_outside_head_roi,mean within held-out identity before identity bootstrap,3
0.26295708843199683,0.2270107873515096,20,0.24449982954491664,hard,lpips_alex_spatial,128,1,head_foreground,mean within held-out identity before identity bootstrap,3
0.26126465669239496,0.22554828708464564,20,0.2427780402221562,hard,lpips_alex_spatial,128,1,head_supported,mean within held-out identity before identity bootstrap,3
0.28280565077579894,0.22353903663599628,20,0.2529339767657207,hard,lpips_alex_spatial,128,1,head_unsupported,mean within held-out identity before identity bootstrap,3
0.5548415751922897,0.4710033715886931,20,0.513232408121913,hard,lpips_alex_spatial,128,1,torso_outside_head_roi,mean within held-out identity before identity bootstrap,3
0.25065403777260936,0.2133108147015853,20,0.23166111656864694,hard,lpips_alex_spatial,128,4,head_foreground,mean within held-out identity before identity bootstrap,3
0.24861073340618367,0.21221639570886566,20,0.2297635808381644,hard,lpips_alex_spatial,128,4,head_supported,mean within held-out identity before identity bootstrap,3
0.2720699649516702,0.21203188774230905,20,0.24187727838266007,hard,lpips_alex_spatial,128,4,head_unsupported,mean within held-out identity before identity bootstrap,3
0.5498780251916487,0.4693384884755647,20,0.5096493570435159,hard,lpips_alex_spatial,128,4,torso_outside_head_roi,mean within held-out identity before identity bootstrap,3
0.24691869946146405,0.206709488961884,20,0.22665148392750742,hard,lpips_alex_spatial,128,8,head_foreground,mean within held-out identity before identity bootstrap,3
0.24473818380280776,0.2058773730096826,20,0.22481843447959693,hard,lpips_alex_spatial,128,8,head_supported,mean within held-out identity before identity bootstrap,3
0.26823897029184285,0.20705741746305206,20,0.23747599661737223,hard,lpips_alex_spatial,128,8,head_unsupported,mean within held-out identity before identity bootstrap,3
0.5485224182244041,0.464301808040546,20,0.506534405868023,hard,lpips_alex_spatial,128,8,torso_outside_head_roi,mean within held-out identity before identity bootstrap,3
0.31935222377490396,0.27400239655791847,20,0.2961119716931748,released,lpips_alex_spatial,128,1,head_foreground,mean within held-out identity before identity bootstrap,3
0.31950639221974836,0.27450588390125175,20,0.29658255219772783,released,lpips_alex_spatial,128,1,head_supported,mean within held-out identity before identity bootstrap,3
0.32667396433484297,0.25816602473887496,20,0.291332594654365,released,lpips_alex_spatial,128,1,head_unsupported,mean within held-out identity before identity bootstrap,3
0.4986784840305173,0.43859231716729635,20,0.4684056189434835,released,lpips_alex_spatial,128,1,torso_outside_head_roi,mean within held-out identity before identity bootstrap,3
0.31306005093436323,0.26444090554300986,20,0.2879370109525875,released,lpips_alex_spatial,128,4,head_foreground,mean within held-out identity before identity bootstrap,3
0.31329775604627136,0.2644680587120973,20,0.28856797907392634,released,lpips_alex_spatial,128,4,head_supported,mean within held-out identity before identity bootstrap,3
0.3158814920851376,0.24947825874118842,20,0.2814466426101494,released,lpips_alex_spatial,128,4,head_unsupported,mean within held-out identity before identity bootstrap,3
0.49357678316042597,0.43145881918640544,20,0.46300035783072613,released,lpips_alex_spatial,128,4,torso_outside_head_roi,mean within held-out identity before identity bootstrap,3
0.3030701579692499,0.2531138017816334,20,0.27753284517521465,released,lpips_alex_spatial,128,8,head_foreground,mean within held-out identity before identity bootstrap,3
0.30364197279274435,0.2542407544593043,20,0.2784266618386728,released,lpips_alex_spatial,128,8,head_supported,mean within held-out identity before identity bootstrap,3
0.3047979737886563,0.23788426915403924,20,0.2703631427825684,released,lpips_alex_spatial,128,8,head_unsupported,mean within held-out identity before identity bootstrap,3
0.48767633476032113,0.4289018307168131,20,0.45814307863712617,released,lpips_alex_spatial,128,8,torso_outside_head_roi,mean within held-out identity before identity bootstrap,3
0.31171924528942874,0.2647607699888524,20,0.288227224364586,adaptive,lpips_alex_spatial,384,1,head_foreground,mean within held-out identity before identity bootstrap,3
0.3125564828023881,0.26531735790200267,20,0.28818885471105016,adaptive,lpips_alex_spatial,384,1,head_supported,mean within held-out identity before identity bootstrap,3
0.32589637868674665,0.25544743991924945,20,0.2894149650414386,adaptive,lpips_alex_spatial,384,1,head_unsupported,mean within held-out identity before identity bootstrap,3
0.5031431901745111,0.4404438638267809,20,0.47097236110553914,adaptive,lpips_alex_spatial,384,1,torso_outside_head_roi,mean within held-out identity before identity bootstrap,3
0.311849924886996,0.2590481267002486,20,0.2851607005517682,adaptive,lpips_alex_spatial,384,4,head_foreground,mean within held-out identity before identity bootstrap,3
0.31257795359548046,0.2592385917398276,20,0.2852496896947662,adaptive,lpips_alex_spatial,384,4,head_supported,mean within held-out identity before identity bootstrap,3
0.321763009195769,0.25070611241578244,20,0.2855148082567437,adaptive,lpips_alex_spatial,384,4,head_unsupported,mean within held-out identity before identity bootstrap,3
0.49867265930551175,0.4348628355057815,20,0.4663868211648737,adaptive,lpips_alex_spatial,384,4,torso_outside_head_roi,mean within held-out identity before identity bootstrap,3
0.30260782512720313,0.25017141145080607,20,0.276011780660344,adaptive,lpips_alex_spatial,384,8,head_foreground,mean within held-out identity before identity bootstrap,3
0.3034668131376136,0.24984560503535969,20,0.2763947642432768,adaptive,lpips_alex_spatial,384,8,head_supported,mean within held-out identity before identity bootstrap,3
0.3113440752922399,0.24084428826834953,20,0.2745977093943626,adaptive,lpips_alex_spatial,384,8,head_unsupported,mean within held-out identity before identity bootstrap,3
0.493187261023445,0.4323840855551983,20,0.46247640625074204,adaptive,lpips_alex_spatial,384,8,torso_outside_head_roi,mean within held-out identity before identity bootstrap,3
0.26129680592692456,0.223622491135793,20,0.24191398091458444,hard,lpips_alex_spatial,384,1,head_foreground,mean within held-out identity before identity bootstrap,3
0.25928757523839935,0.22243695720119988,20,0.24007176141989,hard,lpips_alex_spatial,384,1,head_supported,mean within held-out identity before identity bootstrap,3
0.28175979771096754,0.22084771025688166,20,0.25131720861557677,hard,lpips_alex_spatial,384,1,head_unsupported,mean within held-out identity before identity bootstrap,3
0.5534112022490609,0.4707329616436563,20,0.5122618003315358,hard,lpips_alex_spatial,384,1,torso_outside_head_roi,mean within held-out identity before identity bootstrap,3
0.25081300709573306,0.21237419068806962,20,0.23093282812051114,hard,lpips_alex_spatial,384,4,head_foreground,mean within held-out identity before identity bootstrap,3
0.24833599213322344,0.21070262320174216,20,0.2289934217881659,hard,lpips_alex_spatial,384,4,head_supported,mean within held-out identity before identity bootstrap,3
0.2720501544784201,0.21145664713995838,20,0.24166581857897276,hard,lpips_alex_spatial,384,4,head_unsupported,mean within held-out identity before identity bootstrap,3
0.5497720390813944,0.4687342089659519,20,0.5095020320469177,hard,lpips_alex_spatial,384,4,torso_outside_head_roi,mean within held-out identity before identity bootstrap,3
0.2469007245583257,0.20587506181350848,20,0.22606576566897774,hard,lpips_alex_spatial,384,8,head_foreground,mean within held-out identity before identity bootstrap,3
0.24498755310782205,0.20503380001544264,20,0.22420681732444986,hard,lpips_alex_spatial,384,8,head_supported,mean within held-out identity before identity bootstrap,3
0.2684167772356696,0.2064361038514311,20,0.23735903825847887,hard,lpips_alex_spatial,384,8,head_unsupported,mean within held-out identity before identity bootstrap,3
0.5482425099074457,0.4652012189804117,20,0.5067665506945499,hard,lpips_alex_spatial,384,8,torso_outside_head_roi,mean within held-out identity before identity bootstrap,3
0.32042706252246306,0.27442497433234975,20,0.2966656223921567,released,lpips_alex_spatial,384,1,head_foreground,mean within held-out identity before identity bootstrap,3
0.32061147352739044,0.27535105188216763,20,0.2972787959947989,released,lpips_alex_spatial,384,1,head_supported,mean within held-out identity before identity bootstrap,3
0.32535670163480496,0.2570254762520242,20,0.29060456159750747,released,lpips_alex_spatial,384,1,head_unsupported,mean within held-out identity before identity bootstrap,3
0.4955543168876194,0.4368550305349084,20,0.4663562702037384,released,lpips_alex_spatial,384,1,torso_outside_head_roi,mean within held-out identity before identity bootstrap,3
0.31324779016813203,0.26465254381376163,20,0.28834481762253916,released,lpips_alex_spatial,384,4,head_foreground,mean within held-out identity before identity bootstrap,3
0.3141080725552303,0.2655015495306462,20,0.28899225896978675,released,lpips_alex_spatial,384,4,head_supported,mean within held-out identity before identity bootstrap,3
0.318169864250412,0.25023679079295524,20,0.2826885146583481,released,lpips_alex_spatial,384,4,head_unsupported,mean within held-out identity before identity bootstrap,3
0.49198620343627997,0.430792281938772,20,0.46093253739813606,released,lpips_alex_spatial,384,4,torso_outside_head_roi,mean within held-out identity before identity bootstrap,3
0.30558358915811074,0.25670968950351525,20,0.28027712523452253,released,lpips_alex_spatial,384,8,head_foreground,mean within held-out identity before identity bootstrap,3
0.3069160638118594,0.2578280542361926,20,0.28115993509956544,released,lpips_alex_spatial,384,8,head_supported,mean within held-out identity before identity bootstrap,3
0.3090774110485711,0.2408604415018649,20,0.2740355875370704,released,lpips_alex_spatial,384,8,head_unsupported,mean within held-out identity before identity bootstrap,3
0.4858622727984562,0.42952832187210654,20,0.45663105083628064,released,lpips_alex_spatial,384,8,torso_outside_head_roi,mean within held-out identity before identity bootstrap,3
