subject,sequence,stress_region,density_multiplier,gaussian_count,condition,mean_constraint,scale_cap_mm,supported_psnr,unsupported_psnr,head_psnr,supported_center_error_mm,unsupported_center_error_mm,axis_max_p90_mm,axis_fraction_at_cap,total_trainable_parameters,final_loss
388,GLASSES,glasses_hair_beard,0.25,1256,hard_cap003,hard,3.0,17.54857933811334,4.4713913349912255,10.29360331411414,5.1505206855608465,27.484878948964663,3.0,1.0,12560,0.24920351803302765
388,GLASSES,glasses_hair_beard,0.25,1256,hard_cap030,hard,30.0,27.457634501110558,16.115671722078112,21.925242514458773,5.1505206855608465,27.484878948964663,17.624235153198242,0.026273885350318472,12560,0.04459284245967865
388,GLASSES,glasses_hair_beard,0.25,1256,free_cap003,free,3.0,22.88804735636255,12.291146993429884,18.029940263021018,10.480843675133588,9.374055313219015,3.0,1.0,12560,0.10101871192455292
388,GLASSES,glasses_hair_beard,0.25,1256,free_cap030,free,30.0,33.126369435416976,28.781150336232365,31.78731449783271,7.095916652277881,11.402700909176229,15.120439529418945,0.0015923566878980893,12560,0.016671206802129745
388,GLASSES,glasses_hair_beard,1.0,5023,hard_cap003,hard,3.0,18.959141352187718,4.475250071304611,10.470055606046428,4.319443620943903,27.457490051433012,3.0,0.973720883933904,50230,0.22624942660331726
388,GLASSES,glasses_hair_beard,1.0,5023,hard_cap030,hard,30.0,28.610590662137465,16.124476919719676,22.125271445673988,4.319443620943903,27.457490051433012,13.16789722442627,0.014732231734023491,50230,0.04071306064724922
388,GLASSES,glasses_hair_beard,1.0,5023,free_cap003,free,3.0,32.75318631362921,19.613956325889834,25.72467786848837,4.549950113899102,7.388610219127022,3.0,0.9864622735417081,50230,0.025275232270359993
388,GLASSES,glasses_hair_beard,1.0,5023,free_cap030,free,30.0,37.271891803749256,30.904281029677943,34.75275092760246,4.550938644137838,10.381520790707505,11.470741653442385,0.0057734421660362335,50230,0.0109140295535326
388,GLASSES,glasses_hair_beard,4.0,20092,hard_cap003,hard,3.0,26.100044277656497,5.927354638613421,12.589437985876437,3.3228884790877067,26.8571209266412,3.0,0.9682958391399562,200920,0.11362773925065994
388,GLASSES,glasses_hair_beard,4.0,20092,hard_cap030,hard,30.0,30.354578597740552,18.62398184387653,24.49379009736435,3.3228884790877067,26.8571209266412,10.963848114013672,0.009008560621142744,200920,0.026949387043714523
388,GLASSES,glasses_hair_beard,4.0,20092,free_cap003,free,3.0,39.1113859151163,33.523281482557415,37.19183152644155,3.316465582862909,5.509514412421636,3.0,0.9516225363328688,200920,0.007526388857513666
388,GLASSES,glasses_hair_beard,4.0,20092,free_cap030,free,30.0,41.26129517850105,37.72561267488193,40.23510637886868,3.3447058574196338,5.811791467015738,6.903948831558229,4.977105315548477e-05,200920,0.005368170328438282
422,EXP-2-eyes,eyes,0.25,1256,hard_cap003,hard,3.0,17.182963009799963,4.055537437112964,8.560511555607812,4.932325341486356,41.16975805457542,3.0,1.0,12560,0.34427663683891296
422,EXP-2-eyes,eyes,0.25,1256,hard_cap030,hard,30.0,26.235059833820856,14.112613675882828,18.506818400733625,4.932325341486356,41.16975805457542,15.742305755615234,0.03264331210191083,12560,0.0845150500535965
422,EXP-2-eyes,eyes,0.25,1256,free_cap003,free,3.0,20.899563558399475,12.644959025954547,16.215110024234743,8.537039260530731,13.223439675333273,3.0,1.0,12560,0.14597396552562714
422,EXP-2-eyes,eyes,0.25,1256,free_cap030,free,30.0,33.807138497237766,25.460445946312163,29.076084647012408,7.0520211480402955,9.896226895801084,15.277677536010742,0.005573248407643312,12560,0.023512953892350197
422,EXP-2-eyes,eyes,1.0,5023,hard_cap003,hard,3.0,18.088877870216077,4.056300180872007,8.627110292602392,3.968512474086577,41.169468875020065,3.0,0.9749153892096357,50230,0.3285793662071228
422,EXP-2-eyes,eyes,1.0,5023,hard_cap030,hard,30.0,26.86371486990735,14.153005902530948,18.611971469212225,3.968512474086577,41.169468875020065,12.03084888458252,0.009755126418475014,50230,0.08105037361383438
422,EXP-2-eyes,eyes,1.0,5023,free_cap003,free,3.0,31.221627532059355,20.657952874940136,24.761179889339488,4.475977696827349,8.401395148614471,3.0,0.9880549472426836,50230,0.043471675366163254
422,EXP-2-eyes,eyes,1.0,5023,free_cap030,free,30.0,37.13616831268212,27.504577453121815,31.364476194493747,4.587864098972315,7.537614212801873,10.793878555297852,0.010352379056340831,50230,0.016969934105873108
422,EXP-2-eyes,eyes,4.0,20092,hard_cap003,hard,3.0,26.246661602898712,4.334053420651724,9.454171360400077,2.994084596887633,40.721121159235,3.0,0.9505773442166037,200920,0.24039137363433838
422,EXP-2-eyes,eyes,4.0,20092,hard_cap030,hard,30.0,28.3543050910533,18.57475076683905,22.417273552055217,2.994084596887633,40.721121159235,9.185109424591065,0.010800318534740195,200920,0.04856827110052109
422,EXP-2-eyes,eyes,4.0,20092,free_cap003,free,3.0,40.61381379240386,28.24190920279216,32.72716457249108,3.2136306422249628,4.971002744859986,3.0,0.9282799124029465,200920,0.013476830907166004
422,EXP-2-eyes,eyes,4.0,20092,free_cap030,free,30.0,43.61387707493048,32.03361487715418,36.37349324971701,3.056303880820349,4.886780671100462,6.199988889694216,0.0011945052757316346,200920,0.008583330549299717
443,FREE,free_motion_static_frame,0.25,1256,hard_cap003,hard,3.0,18.164402704555382,2.9318846921430985,6.241502947238532,4.8764609230869365,41.48366223405464,3.0,1.0,12560,0.43804338574409485
443,FREE,free_motion_static_frame,0.25,1256,hard_cap030,hard,30.0,21.811305792908453,13.647181318078092,16.183863273273005,4.8764609230869365,41.48366223405464,21.247714042663574,0.08121019108280254,12560,0.10323028266429901
443,FREE,free_motion_static_frame,0.25,1256,free_cap003,free,3.0,22.07185228168929,12.916419154560495,15.89178443347198,8.573153331152804,11.933928414370566,3.0,1.0,12560,0.13125215470790863
443,FREE,free_motion_static_frame,0.25,1256,free_cap030,free,30.0,36.0515274165843,30.883835280480437,32.86230424857158,6.320004596503778,10.994998053460234,15.577519416809082,0.0023885350318471337,12560,0.015480204485356808
443,FREE,free_motion_static_frame,1.0,5023,hard_cap003,hard,3.0,18.86758104965585,2.9472161975446465,6.291370872014302,4.248550073962965,41.456190353872735,3.0,0.9468445152299423,50230,0.42860475182533264
443,FREE,free_motion_static_frame,1.0,5023,hard_cap030,hard,30.0,22.29102783323359,13.869672273373245,16.368108522098844,4.248550073962965,41.456190353872735,13.590593338012697,0.03045988453115668,50230,0.0977010652422905
443,FREE,free_motion_static_frame,1.0,5023,free_cap003,free,3.0,35.8479131390685,22.442586996512166,25.84137450689881,4.201448181979087,6.069495274238584,3.0,0.9611785785387219,50230,0.029615066945552826
443,FREE,free_motion_static_frame,1.0,5023,free_cap030,free,30.0,39.7217587221725,32.2824792190215,34.84569646482013,4.1715387123685845,8.81666319262933,11.835780334472657,0.0063706948039020505,50230,0.011442126706242561
443,FREE,free_motion_static_frame,4.0,20092,hard_cap003,hard,3.0,22.763572973522294,3.063303191285412,6.563215938540433,3.59900270331603,41.31154704870231,3.0,0.9532152100338444,200920,0.3834684491157532
443,FREE,free_motion_static_frame,4.0,20092,hard_cap030,hard,30.0,25.053676972054898,17.83112604122542,20.15300429768329,3.59900270331603,41.31154704870231,10.942023944854741,0.020804300218992634,200920,0.059318628162145615
443,FREE,free_motion_static_frame,4.0,20092,free_cap003,free,3.0,42.204845416985115,32.03707709629675,35.147229792630895,3.260529469035987,5.16769603044078,3.0,0.9308182361138762,200920,0.009967625141143799
443,FREE,free_motion_static_frame,4.0,20092,free_cap030,free,30.0,44.30750153955694,36.525965727204685,39.19070145203314,3.2083634071237603,5.60952773660426,6.7736328125,0.001493131594664543,200920,0.006529947277158499
445,EXP-6-tongue-1,long_hair; tongue_not_visible_at_frame_0,0.25,1256,hard_cap003,hard,3.0,15.80123597097572,2.4517654845070096,6.122358832718131,4.547430178877848,36.184105644205296,3.0,1.0,12560,0.43586939573287964
445,EXP-6-tongue-1,long_hair; tongue_not_visible_at_frame_0,0.25,1256,hard_cap030,hard,30.0,25.11969305104993,11.398196384303198,15.042721653266094,4.547430178877848,36.184105644205296,18.312987327575684,0.06369426751592357,12560,0.1104283407330513
445,EXP-6-tongue-1,long_hair; tongue_not_visible_at_frame_0,0.25,1256,free_cap003,free,3.0,21.02493831183315,14.133074518358931,16.63884572672587,9.208536757600848,17.59136611569592,3.0,1.0,12560,0.1402062624692917
445,EXP-6-tongue-1,long_hair; tongue_not_visible_at_frame_0,0.25,1256,free_cap030,free,30.0,35.47211176724666,32.61924905461005,33.89895825886942,6.888776006751876,12.322997211968072,15.127922058105469,0.0023885350318471337,12560,0.012781345285475254
445,EXP-6-tongue-1,long_hair; tongue_not_visible_at_frame_0,1.0,5023,hard_cap003,hard,3.0,16.437184520165598,2.4527795219422215,6.1591564004452275,3.700784243602647,36.144622726399994,3.0,0.9651602627911606,50230,0.4253988265991211
445,EXP-6-tongue-1,long_hair; tongue_not_visible_at_frame_0,1.0,5023,hard_cap030,hard,30.0,25.875642498404506,11.428740955664004,15.128082558858356,3.700784243602647,36.144622726399994,13.302008628845217,0.02408918972725463,50230,0.10609374195337296
445,EXP-6-tongue-1,long_hair; tongue_not_visible_at_frame_0,1.0,5023,free_cap003,free,3.0,35.07708006936056,26.38867386144131,29.397773077272838,4.409459831670728,7.578156411837261,3.0,0.9874576946048178,50230,0.025317763909697533
445,EXP-6-tongue-1,long_hair; tongue_not_visible_at_frame_0,1.0,5023,free_cap030,free,30.0,39.43713924241648,34.77027817693645,36.60196386991191,4.212320008814938,10.25333477520509,12.349766540527344,0.0069679474417678675,50230,0.00894754659384489
445,EXP-6-tongue-1,long_hair; tongue_not_visible_at_frame_0,4.0,20092,hard_cap003,hard,3.0,21.94047820705333,2.5516243363020674,6.571645308092179,2.7928545771476996,35.79316057585993,3.0,0.9556042205853076,200920,0.3580515682697296
445,EXP-6-tongue-1,long_hair; tongue_not_visible_at_frame_0,4.0,20092,hard_cap030,hard,30.0,26.67137740414411,15.790335640110353,18.71419299109104,2.7928545771476996,35.79316057585993,10.741761493682864,0.018614373880151303,200920,0.06431584805250168
445,EXP-6-tongue-1,long_hair; tongue_not_visible_at_frame_0,4.0,20092,free_cap003,free,3.0,42.18906940339488,35.42268206414156,38.03886862073237,3.29314440339906,5.791812683705394,3.0,0.9375373282898666,200920,0.007931513711810112
445,EXP-6-tongue-1,long_hair; tongue_not_visible_at_frame_0,4.0,20092,free_cap030,free,30.0,44.745300059614884,40.06851100924129,41.928451973904735,3.2464786734217492,6.389771765424146,7.042159652709963,0.0011945052757316346,200920,0.0051146564073860645
475,HAIR,hair,0.25,1256,hard_cap003,hard,3.0,16.856590213857125,3.4730194976344895,6.655725857940327,4.910115598025753,35.017941212438565,3.0,1.0,12560,0.4120709300041199
475,HAIR,hair,0.25,1256,hard_cap030,hard,30.0,26.539462112309952,16.47701345954624,19.463557553053985,4.910115598025753,35.017941212438565,15.341440200805664,0.04936305732484077,12560,0.07250025123357773
475,HAIR,hair,0.25,1256,free_cap003,free,3.0,27.121743088661425,17.060254049753233,19.916065715168262,5.60578042982665,9.05957856785093,3.0,1.0,12560,0.08295491337776184
475,HAIR,hair,0.25,1256,free_cap030,free,30.0,36.03390752980335,31.90236216689394,33.36959429717159,4.8629730414570576,8.709089380113221,14.72285270690918,0.006369426751592357,12560,0.013940968550741673
475,HAIR,hair,1.0,5023,hard_cap003,hard,3.0,18.203562996187856,3.4771221315144953,6.72044800716555,3.9362679379235153,34.97427938826753,3.0,0.9685446944057337,50230,0.3976229727268219
475,HAIR,hair,1.0,5023,hard_cap030,hard,30.0,27.768319914482934,16.510427346598313,19.61549281519734,3.9362679379235153,34.97427938826753,11.955894470214844,0.01970933704957197,50230,0.06875879317522049
475,HAIR,hair,1.0,5023,free_cap003,free,3.0,35.675701168666954,24.358749332374774,27.126067639064086,3.426479891974007,5.381218058346855,3.0,0.9550069679474418,50230,0.026784051209688187
475,HAIR,hair,1.0,5023,free_cap030,free,30.0,40.60628671438647,33.72509735342281,35.74898960134334,3.185455777467507,6.766873719656024,10.691739273071294,0.0069679474417678675,50230,0.010012607090175152
475,HAIR,hair,4.0,20092,hard_cap003,hard,3.0,24.12670437438675,4.1142102317053695,7.667585685107604,3.1142385082432487,34.53288505293688,3.0,0.9398765677881744,200920,0.30804696679115295
475,HAIR,hair,4.0,20092,hard_cap030,hard,30.0,29.289555496888003,20.01375043379624,22.816773694811506,3.1142385082432487,34.53288505293688,9.404926490783701,0.012492534342026677,200920,0.044834788888692856
475,HAIR,hair,4.0,20092,free_cap003,free,3.0,42.97444379684267,34.71658970409293,37.32047315652339,2.949058464865816,4.580825520345785,3.0,0.9306689229544097,200920,0.008153007365763187
475,HAIR,hair,4.0,20092,free_cap030,free,30.0,45.2068273890733,38.749143148949855,40.77367993689767,2.8900271174157934,4.505363213414858,5.908764696121222,0.0009456500099542107,200920,0.0054725585505366325
