subject,fold,condition,camera_id,region,psnr
388,fold_a,hard,222200042,supported,20.58340494717054
388,fold_a,hard,222200036,supported,24.59597780018568
388,fold_a,hard,222200041,supported,26.25784753712643
388,fold_a,hard,222200043,supported,24.529012555231283
388,fold_a,hard,221501007,supported,22.557790191607783
388,fold_a,hard,222200042,unsupported,11.585583370324606
388,fold_a,hard,222200036,unsupported,13.427727286893337
388,fold_a,hard,222200041,unsupported,16.04207922785977
388,fold_a,hard,222200043,unsupported,16.497871651968012
388,fold_a,hard,221501007,unsupported,13.549883035369488
388,fold_a,hard,222200042,head,17.015240844020212
388,fold_a,hard,222200036,head,18.706875516608065
388,fold_a,hard,222200041,head,21.989987767868552
388,fold_a,hard,222200043,head,21.441188220287376
388,fold_a,hard,221501007,head,18.563954157182813
388,fold_a,r075,222200042,supported,24.90243857403158
388,fold_a,r075,222200036,supported,28.933609298898748
388,fold_a,r075,222200041,supported,29.800110855058293
388,fold_a,r075,222200043,supported,28.374215638064012
388,fold_a,r075,221501007,supported,24.26317614934549
388,fold_a,r075,222200042,unsupported,16.906783146768063
388,fold_a,r075,222200036,unsupported,26.00856595494576
388,fold_a,r075,222200041,unsupported,25.89043390143742
388,fold_a,r075,222200043,unsupported,25.306796616064965
388,fold_a,r075,221501007,unsupported,20.632261446160012
388,fold_a,r075,222200042,head,21.2810896079362
388,fold_a,r075,222200036,head,28.012786288407426
388,fold_a,r075,222200041,head,28.665581636998667
388,fold_a,r075,222200043,head,27.695994090682042
388,fold_a,r075,221501007,head,22.837850800320354
388,fold_a,free,222200042,supported,25.237816803625094
388,fold_a,free,222200036,supported,28.774346650787287
388,fold_a,free,222200041,supported,29.831676762833055
388,fold_a,free,222200043,supported,27.378381924581866
388,fold_a,free,221501007,supported,24.382365587780047
388,fold_a,free,222200042,unsupported,19.21108965130686
388,fold_a,free,222200036,unsupported,26.84248134422779
388,fold_a,free,222200041,unsupported,26.67716272013714
388,fold_a,free,222200043,unsupported,25.707708200733236
388,fold_a,free,221501007,unsupported,20.973224671584262
388,fold_a,free,222200042,head,22.342145478994063
388,fold_a,free,222200036,head,28.09324159719548
388,fold_a,free,222200041,head,29.205703260197357
388,fold_a,free,222200043,head,27.27236768336718
388,fold_a,free,221501007,head,22.957910438279242
388,fold_b,hard,222200040,supported,26.184087154104393
388,fold_b,hard,220700191,supported,26.506069341491646
388,fold_b,hard,222200047,supported,27.011349757857595
388,fold_b,hard,222200045,supported,20.970869883815165
388,fold_b,hard,222200040,unsupported,15.422276351473318
388,fold_b,hard,220700191,unsupported,13.436675100572975
388,fold_b,hard,222200047,unsupported,13.51064498712862
388,fold_b,hard,222200045,unsupported,13.391851087270243
388,fold_b,hard,222200040,head,21.810684858380313
388,fold_b,hard,220700191,head,19.177311364485316
388,fold_b,hard,222200047,head,19.324701981815185
388,fold_b,hard,222200045,head,18.673114675859853
388,fold_b,r075,222200040,supported,30.827335172654998
388,fold_b,r075,220700191,supported,29.147496603884026
388,fold_b,r075,222200047,supported,29.078966257625716
388,fold_b,r075,222200045,supported,26.038736753650234
388,fold_b,r075,222200040,unsupported,25.03336141037004
388,fold_b,r075,220700191,unsupported,26.37086349794623
388,fold_b,r075,222200047,unsupported,26.138842636960366
388,fold_b,r075,222200045,unsupported,19.942753525582205
388,fold_b,r075,222200040,head,28.72322486845234
388,fold_b,r075,220700191,head,27.86073570275534
388,fold_b,r075,222200047,head,27.85186748683165
388,fold_b,r075,222200045,head,23.852487370122706
388,fold_b,free,222200040,supported,30.887816155825224
388,fold_b,free,220700191,supported,28.738883764213774
388,fold_b,free,222200047,supported,28.66110290728599
388,fold_b,free,222200045,supported,25.73444037116659
388,fold_b,free,222200040,unsupported,25.269826733897233
388,fold_b,free,220700191,unsupported,26.17548087792524
388,fold_b,free,222200047,unsupported,26.582187571104164
388,fold_b,free,222200045,unsupported,20.47144841135647
388,fold_b,free,222200040,head,28.627188090170247
388,fold_b,free,220700191,head,27.79832249154608
388,fold_b,free,222200047,head,27.72666513731442
388,fold_b,free,222200045,head,23.604681424517786
388,fold_c,hard,222200044,supported,22.40115126194636
388,fold_c,hard,222200048,supported,26.973396579823333
388,fold_c,hard,222200038,supported,25.374445121689586
388,fold_c,hard,222200049,supported,26.155393131925777
388,fold_c,hard,222200044,unsupported,12.239671108429759
388,fold_c,hard,222200048,unsupported,17.731229916964583
388,fold_c,hard,222200038,unsupported,18.117195045138516
388,fold_c,hard,222200049,unsupported,15.654094461840852
388,fold_c,hard,222200044,head,18.493948115173374
388,fold_c,hard,222200048,head,23.470534035166658
388,fold_c,hard,222200038,head,22.999180066783268
388,fold_c,hard,222200049,head,20.983529816234793
388,fold_c,r075,222200044,supported,25.717231740468108
388,fold_c,r075,222200048,supported,30.470419408434125
388,fold_c,r075,222200038,supported,30.535286338078464
388,fold_c,r075,222200049,supported,28.990897847669412
388,fold_c,r075,222200044,unsupported,19.91248599297412
388,fold_c,r075,222200048,unsupported,26.92756817464755
388,fold_c,r075,222200038,unsupported,26.976348542453383
388,fold_c,r075,222200049,unsupported,25.331637700716676
388,fold_c,r075,222200044,head,24.29045508199564
388,fold_c,r075,222200048,head,29.73086065194767
388,fold_c,r075,222200038,head,29.77469061878782
388,fold_c,r075,222200049,head,27.526119684125394
388,fold_c,free,222200044,supported,25.788390403658106
388,fold_c,free,222200048,supported,29.921794180450245
388,fold_c,free,222200038,supported,30.183358738180566
388,fold_c,free,222200049,supported,29.150241346122982
388,fold_c,free,222200044,unsupported,20.72509540402883
388,fold_c,free,222200048,unsupported,26.66074963919037
388,fold_c,free,222200038,unsupported,27.75095391726978
388,fold_c,free,222200049,unsupported,26.48974115815944
388,fold_c,free,222200044,head,24.62645954901065
388,fold_c,free,222200048,head,29.44109400729438
388,fold_c,free,222200038,head,29.676113740560478
388,fold_c,free,222200049,head,27.865447415138064
422,fold_a,hard,222200042,supported,20.325884506250457
422,fold_a,hard,222200036,supported,26.376848707751847
422,fold_a,hard,222200041,supported,24.108058390193328
422,fold_a,hard,222200043,supported,23.019373094635213
422,fold_a,hard,221501007,supported,23.111968166649618
422,fold_a,hard,222200042,unsupported,15.162048965675117
422,fold_a,hard,222200036,unsupported,10.754438219950906
422,fold_a,hard,222200041,unsupported,14.86978892234548
422,fold_a,hard,222200043,unsupported,15.02178248584342
422,fold_a,hard,221501007,unsupported,12.715131291431984
422,fold_a,hard,222200042,head,18.323108580639595
422,fold_a,hard,222200036,head,15.345928206184734
422,fold_a,hard,222200041,head,18.650790229739663
422,fold_a,hard,222200043,head,18.640486811852632
422,fold_a,hard,221501007,head,17.3712256992386
422,fold_a,r075,222200042,supported,26.314599374648566
422,fold_a,r075,222200036,supported,31.726943178925655
422,fold_a,r075,222200041,supported,32.33180714762342
422,fold_a,r075,222200043,supported,30.307976876343602
422,fold_a,r075,221501007,supported,27.974081516401668
422,fold_a,r075,222200042,unsupported,18.779836882188953
422,fold_a,r075,222200036,unsupported,23.784808089286464
422,fold_a,r075,222200041,unsupported,22.71193739503925
422,fold_a,r075,222200043,unsupported,23.779810981510714
422,fold_a,r075,221501007,unsupported,23.24309191342173
422,fold_a,r075,222200042,head,22.93126294260179
422,fold_a,r075,222200036,head,27.117876910239076
422,fold_a,r075,222200041,head,26.437790665591052
422,fold_a,r075,222200043,head,26.736059982072984
422,fold_a,r075,221501007,head,25.33435156249924
422,fold_a,free,222200042,supported,26.328367918257335
422,fold_a,free,222200036,supported,29.95579476022155
422,fold_a,free,222200041,supported,32.30084747939206
422,fold_a,free,222200043,supported,30.788928405952305
422,fold_a,free,221501007,supported,28.28080380562884
422,fold_a,free,222200042,unsupported,18.893376380789384
422,fold_a,free,222200036,unsupported,25.37234750035353
422,fold_a,free,222200041,unsupported,24.967870685354647
422,fold_a,free,222200043,unsupported,25.263986610131024
422,fold_a,free,221501007,unsupported,23.942109388167154
422,fold_a,free,222200042,head,22.945455152176702
422,fold_a,free,222200036,head,27.64159319449112
422,fold_a,free,222200041,head,28.018213031117437
422,fold_a,free,222200043,head,27.865217061032503
422,fold_a,free,221501007,head,25.73210754176373
422,fold_b,hard,222200040,supported,23.622083563027807
422,fold_b,hard,220700191,supported,25.557722998790897
422,fold_b,hard,222200047,supported,24.314136629907654
422,fold_b,hard,222200045,supported,21.68697812377618
422,fold_b,hard,222200040,unsupported,15.495787390245958
422,fold_b,hard,220700191,unsupported,10.618365975561431
422,fold_b,hard,222200047,unsupported,10.696815920225724
422,fold_b,hard,222200045,unsupported,15.570999264185863
422,fold_b,hard,222200040,head,19.418459897891744
422,fold_b,hard,220700191,head,15.026952586029012
422,fold_b,hard,222200047,head,15.059056588406008
422,fold_b,hard,222200045,head,18.766788517298558
422,fold_b,r075,222200040,supported,31.197481910954345
422,fold_b,r075,220700191,supported,31.718423736846276
422,fold_b,r075,222200047,supported,30.259735183715705
422,fold_b,r075,222200045,supported,26.218053794985536
422,fold_b,r075,222200040,unsupported,23.670185694007632
422,fold_b,r075,220700191,unsupported,23.865942457680866
422,fold_b,r075,222200047,unsupported,24.054019524928925
422,fold_b,r075,222200045,unsupported,21.60342054998005
422,fold_b,r075,222200040,head,26.876673484951155
422,fold_b,r075,220700191,head,27.080234709260203
422,fold_b,r075,222200047,head,26.82638402581697
422,fold_b,r075,222200045,head,23.73125516278079
422,fold_b,free,222200040,supported,31.857398020832797
422,fold_b,free,220700191,supported,31.55129562876644
422,fold_b,free,222200047,supported,30.796456631851832
422,fold_b,free,222200045,supported,27.11032840080966
422,fold_b,free,222200040,unsupported,26.152944399965968
422,fold_b,free,220700191,unsupported,26.357545666830397
422,fold_b,free,222200047,unsupported,26.466012033092895
422,fold_b,free,222200045,unsupported,17.89784258747395
422,fold_b,free,222200040,head,27.840560826782838
422,fold_b,free,220700191,head,28.545008432086654
422,fold_b,free,222200047,head,28.394521016732114
422,fold_b,free,222200045,head,21.80069538305109
422,fold_c,hard,222200044,supported,22.52181621477829
422,fold_c,hard,222200048,supported,24.2056851099346
422,fold_c,hard,222200038,supported,23.841894417002372
422,fold_c,hard,222200049,supported,25.87844872443721
422,fold_c,hard,222200044,unsupported,17.38328939590039
422,fold_c,hard,222200048,unsupported,15.838025904510424
422,fold_c,hard,222200038,unsupported,15.325870753768116
422,fold_c,hard,222200049,unsupported,10.93460450155618
422,fold_c,hard,222200044,head,20.0360886578763
422,fold_c,hard,222200048,head,19.432236998053405
422,fold_c,hard,222200038,head,19.33624017952091
422,fold_c,hard,222200049,head,15.429533918151034
422,fold_c,r075,222200044,supported,29.910633006766254
422,fold_c,r075,222200048,supported,32.126472744881006
422,fold_c,r075,222200038,supported,32.22904199866181
422,fold_c,r075,222200049,supported,31.344162081088708
422,fold_c,r075,222200044,unsupported,20.964092167538784
422,fold_c,r075,222200048,unsupported,23.19633428490595
422,fold_c,r075,222200038,unsupported,24.198292713472384
422,fold_c,r075,222200049,unsupported,24.103946398654305
422,fold_c,r075,222200044,head,25.02366092902112
422,fold_c,r075,222200048,head,26.912317015472716
422,fold_c,r075,222200038,head,27.908332748267238
422,fold_c,r075,222200049,head,26.974458865052547
422,fold_c,free,222200044,supported,29.575633582891804
422,fold_c,free,222200048,supported,32.65208918459051
422,fold_c,free,222200038,supported,32.38013771272185
422,fold_c,free,222200049,supported,31.254450166012354
422,fold_c,free,222200044,unsupported,21.26185318517038
422,fold_c,free,222200048,unsupported,25.156080348453926
422,fold_c,free,222200038,unsupported,26.002169720838836
422,fold_c,free,222200049,unsupported,25.836599602339525
422,fold_c,free,222200044,head,25.107580433889044
422,fold_c,free,222200048,head,28.361141968333307
422,fold_c,free,222200038,head,29.207233086085303
422,fold_c,free,222200049,head,27.577526672274733
443,fold_a,hard,222200042,supported,16.528530480226728
443,fold_a,hard,222200036,supported,23.95622279747295
443,fold_a,hard,222200041,supported,18.754957459149885
443,fold_a,hard,222200043,supported,21.021838289193788
443,fold_a,hard,221501007,supported,18.281475503983305
443,fold_a,hard,222200042,unsupported,14.676790080105688
443,fold_a,hard,222200036,unsupported,11.191614613483985
443,fold_a,hard,222200041,unsupported,16.66695728874259
443,fold_a,hard,222200043,unsupported,14.9381834013391
443,fold_a,hard,221501007,unsupported,12.595051507346536
443,fold_a,hard,222200042,head,15.610090714170749
443,fold_a,hard,222200036,head,14.517528695460618
443,fold_a,hard,222200041,head,17.700676016318145
443,fold_a,hard,222200043,head,17.470329930159586
443,fold_a,hard,221501007,head,15.19491202742422
443,fold_a,r075,222200042,supported,26.23797783693709
443,fold_a,r075,222200036,supported,34.800253641273784
443,fold_a,r075,222200041,supported,34.199458462892224
443,fold_a,r075,222200043,supported,33.29118144466163
443,fold_a,r075,221501007,supported,27.625090860324608
443,fold_a,r075,222200042,unsupported,22.37406310071162
443,fold_a,r075,222200036,unsupported,27.18150122900045
443,fold_a,r075,222200041,unsupported,26.09434005641354
443,fold_a,r075,222200043,unsupported,26.517380628532567
443,fold_a,r075,221501007,unsupported,24.203514943310267
443,fold_a,r075,222200042,head,23.952012065218106
443,fold_a,r075,222200036,head,29.500786943351258
443,fold_a,r075,222200041,head,28.55866969814299
443,fold_a,r075,222200043,head,28.89391554913398
443,fold_a,r075,221501007,head,25.823802519470753
443,fold_a,free,222200042,supported,27.114670502699102
443,fold_a,free,222200036,supported,34.03708896243285
443,fold_a,free,222200041,supported,33.68491657153739
443,fold_a,free,222200043,supported,33.35282294977053
443,fold_a,free,221501007,supported,27.558325876301243
443,fold_a,free,222200042,unsupported,19.91225980021554
443,fold_a,free,222200036,unsupported,26.61147680736025
443,fold_a,free,222200041,unsupported,26.795589777396774
443,fold_a,free,222200043,unsupported,25.65921304351874
443,fold_a,free,221501007,unsupported,24.40003206907342
443,fold_a,free,222200042,head,22.473885430259237
443,fold_a,free,222200036,head,28.751521824630288
443,fold_a,free,222200041,head,29.11571479394012
443,fold_a,free,222200043,head,28.290743296496004
443,fold_a,free,221501007,head,26.07707673222615
443,fold_b,hard,222200040,supported,15.819577495022001
443,fold_b,hard,220700191,supported,24.038437018721336
443,fold_b,hard,222200047,supported,23.488912686070492
443,fold_b,hard,222200045,supported,15.714354856490555
443,fold_b,hard,222200040,unsupported,15.695580564623343
443,fold_b,hard,220700191,unsupported,10.34790494780295
443,fold_b,hard,222200047,unsupported,10.387027701727135
443,fold_b,hard,222200045,unsupported,11.239717096699717
443,fold_b,hard,222200040,head,15.830551355829744
443,fold_b,hard,220700191,head,13.825757722986012
443,fold_b,hard,222200047,head,13.90052526488175
443,fold_b,hard,222200045,head,13.400612145791705
443,fold_b,r075,222200040,supported,31.57743860172196
443,fold_b,r075,220700191,supported,33.491594208053556
443,fold_b,r075,222200047,supported,32.31019539743337
443,fold_b,r075,222200045,supported,26.302689726525074
443,fold_b,r075,222200040,unsupported,27.269240705402396
443,fold_b,r075,220700191,unsupported,25.991120913119904
443,fold_b,r075,222200047,unsupported,25.789115513993583
443,fold_b,r075,222200045,unsupported,22.53229546881095
443,fold_b,r075,222200040,head,28.996870000373708
443,fold_b,r075,220700191,head,28.452083036506775
443,fold_b,r075,222200047,head,27.86779495994587
443,fold_b,r075,222200045,head,24.128482078938728
443,fold_b,free,222200040,supported,29.89610304552403
443,fold_b,free,220700191,supported,34.20818799547493
443,fold_b,free,222200047,supported,32.13837382074773
443,fold_b,free,222200045,supported,26.568955565989008
443,fold_b,free,222200040,unsupported,26.895542626313606
443,fold_b,free,220700191,unsupported,25.742892083578347
443,fold_b,free,222200047,unsupported,26.40753670761425
443,fold_b,free,222200045,unsupported,23.822782461692015
443,fold_b,free,222200040,head,28.302417384159074
443,fold_b,free,220700191,head,28.43467229143733
443,fold_b,free,222200047,head,28.35628691788766
443,fold_b,free,222200045,head,25.057388853564426
443,fold_c,hard,222200044,supported,14.948680560590846
443,fold_c,hard,222200048,supported,19.601493044993394
443,fold_c,hard,222200038,supported,15.479305889157471
443,fold_c,hard,222200049,supported,22.518751419750256
443,fold_c,hard,222200044,unsupported,13.841078734888203
443,fold_c,hard,222200048,unsupported,16.498053286876747
443,fold_c,hard,222200038,unsupported,16.057724795294373
443,fold_c,hard,222200049,unsupported,11.464078888425
443,fold_c,hard,222200044,head,14.557812464289967
443,fold_c,hard,222200048,head,17.970788179543852
443,fold_c,hard,222200038,head,15.428966565051269
443,fold_c,hard,222200049,head,14.929328761531648
443,fold_c,r075,222200044,supported,27.175767753242702
443,fold_c,r075,222200048,supported,34.0940076483978
443,fold_c,r075,222200038,supported,34.10045823902756
443,fold_c,r075,222200049,supported,31.49937711352036
443,fold_c,r075,222200044,unsupported,23.53926976755791
443,fold_c,r075,222200048,unsupported,27.486024101796318
443,fold_c,r075,222200038,unsupported,26.855843179498407
443,fold_c,r075,222200049,unsupported,26.323805898672873
443,fold_c,r075,222200044,head,25.1179578046903
443,fold_c,r075,222200048,head,29.852172599425053
443,fold_c,r075,222200038,head,29.296606394245774
443,fold_c,r075,222200049,head,27.328086487134676
443,fold_c,free,222200044,supported,26.962368087008997
443,fold_c,free,222200048,supported,34.639955889225085
443,fold_c,free,222200038,supported,34.15379840646779
443,fold_c,free,222200049,supported,31.698184352073948
443,fold_c,free,222200044,unsupported,22.08799035341807
443,fold_c,free,222200048,unsupported,27.199271461892494
443,fold_c,free,222200038,unsupported,26.4366146934574
443,fold_c,free,222200049,unsupported,26.210455892663948
443,fold_c,free,222200044,head,23.968155621977356
443,fold_c,free,222200048,head,29.6054805687266
443,fold_c,free,222200038,head,29.041441371446943
443,fold_c,free,222200049,head,27.62010416292692
445,fold_a,hard,222200042,supported,19.042735454572057
445,fold_a,hard,222200036,supported,25.026432435605336
445,fold_a,hard,222200041,supported,23.10442031241299
445,fold_a,hard,222200043,supported,22.837527322210434
445,fold_a,hard,221501007,supported,21.000950175723844
445,fold_a,hard,222200042,unsupported,14.022838261309769
445,fold_a,hard,222200036,unsupported,9.078761741290771
445,fold_a,hard,222200041,unsupported,11.322658842332306
445,fold_a,hard,222200043,unsupported,11.548161187402727
445,fold_a,hard,221501007,unsupported,9.852283642901474
445,fold_a,hard,222200042,head,16.409953674211838
445,fold_a,hard,222200036,head,13.15577404054827
445,fold_a,hard,222200041,head,14.699543759157791
445,fold_a,hard,222200043,head,14.959536791008933
445,fold_a,hard,221501007,head,13.442116194579057
445,fold_a,r075,222200042,supported,26.929919125707418
445,fold_a,r075,222200036,supported,31.94055795768074
445,fold_a,r075,222200041,supported,33.26858954404626
445,fold_a,r075,222200043,supported,31.683291154894246
445,fold_a,r075,221501007,supported,29.022156995852036
445,fold_a,r075,222200042,unsupported,24.04921549892649
445,fold_a,r075,222200036,unsupported,31.11284622763497
445,fold_a,r075,222200041,unsupported,27.22462146003278
445,fold_a,r075,222200043,unsupported,28.425421583779666
445,fold_a,r075,221501007,unsupported,23.387529665191494
445,fold_a,r075,222200042,head,25.338148498325083
445,fold_a,r075,222200036,head,31.30629483637799
445,fold_a,r075,222200041,head,29.56799355755475
445,fold_a,r075,222200043,head,29.657832313046953
445,fold_a,r075,221501007,head,25.91476735687397
445,fold_a,free,222200042,supported,27.16326606136963
445,fold_a,free,222200036,supported,32.34685793586866
445,fold_a,free,222200041,supported,32.716743728934624
445,fold_a,free,222200043,supported,31.169398519858625
445,fold_a,free,221501007,supported,28.828948552161012
445,fold_a,free,222200042,unsupported,23.17695693707399
445,fold_a,free,222200036,unsupported,30.127169068855032
445,fold_a,free,222200041,unsupported,27.66708422684283
445,fold_a,free,222200043,unsupported,27.764748267180117
445,fold_a,free,221501007,unsupported,23.456192085839156
445,fold_a,free,222200042,head,25.465697210350516
445,fold_a,free,222200036,head,30.841350562511742
445,fold_a,free,222200041,head,29.57405868536382
445,fold_a,free,222200043,head,29.058443126916043
445,fold_a,free,221501007,head,25.936913780946
445,fold_b,hard,222200040,supported,22.76147191385247
445,fold_b,hard,220700191,supported,25.267741812282893
445,fold_b,hard,222200047,supported,24.342415022233766
445,fold_b,hard,222200045,supported,20.23843765432794
445,fold_b,hard,222200040,unsupported,13.204493587314134
445,fold_b,hard,220700191,unsupported,8.425475145054227
445,fold_b,hard,222200047,unsupported,8.028384955310651
445,fold_b,hard,222200045,unsupported,11.684055711105543
445,fold_b,hard,222200040,head,16.529839759603565
445,fold_b,hard,220700191,head,12.402408084763083
445,fold_b,hard,222200047,head,12.005093538755357
445,fold_b,hard,222200045,head,14.263649623293338
445,fold_b,r075,222200040,supported,32.93195756029259
445,fold_b,r075,220700191,supported,31.014747145537505
445,fold_b,r075,222200047,supported,31.097738677270875
445,fold_b,r075,222200045,supported,27.162717576668545
445,fold_b,r075,222200040,unsupported,28.690956589652146
445,fold_b,r075,220700191,unsupported,29.718687663180326
445,fold_b,r075,222200047,unsupported,30.11966404404326
445,fold_b,r075,222200045,unsupported,24.40522360008556
445,fold_b,r075,222200040,head,30.7689964544317
445,fold_b,r075,220700191,head,30.37753849583993
445,fold_b,r075,222200047,head,30.450847858518223
445,fold_b,r075,222200045,head,25.80534463818049
445,fold_b,free,222200040,supported,32.847203636973674
445,fold_b,free,220700191,supported,31.731154882136295
445,fold_b,free,222200047,supported,31.24647774189947
445,fold_b,free,222200045,supported,27.41975046316485
445,fold_b,free,222200040,unsupported,27.87941136938581
445,fold_b,free,220700191,unsupported,31.098355146232684
445,fold_b,free,222200047,unsupported,30.572428202894855
445,fold_b,free,222200045,unsupported,25.558814078430864
445,fold_b,free,222200040,head,30.032575227250938
445,fold_b,free,220700191,head,31.270626435003642
445,fold_b,free,222200047,head,30.762496097253162
445,fold_b,free,222200045,head,26.38948786159309
445,fold_c,hard,222200044,supported,19.493188135186248
445,fold_c,hard,222200048,supported,22.5413998303019
445,fold_c,hard,222200038,supported,23.188146781205088
445,fold_c,hard,222200049,supported,25.313119488333058
445,fold_c,hard,222200044,unsupported,14.588514974789856
445,fold_c,hard,222200048,unsupported,11.459880293794322
445,fold_c,hard,222200038,unsupported,12.131864399569208
445,fold_c,hard,222200049,unsupported,8.256359142926605
445,fold_c,hard,222200044,head,16.501136640616433
445,fold_c,hard,222200048,head,14.711545772428195
445,fold_c,hard,222200038,head,15.65687986723841
445,fold_c,hard,222200049,head,12.298254181354123
445,fold_c,r075,222200044,supported,29.226931306279482
445,fold_c,r075,222200048,supported,33.72436627083563
445,fold_c,r075,222200038,supported,34.129807153137286
445,fold_c,r075,222200049,supported,32.13542632348607
445,fold_c,r075,222200044,unsupported,22.03762569762756
445,fold_c,r075,222200048,unsupported,28.186273627098007
445,fold_c,r075,222200038,unsupported,27.359937423566116
445,fold_c,r075,222200049,unsupported,28.756047941580576
445,fold_c,r075,222200044,head,24.977944852812982
445,fold_c,r075,222200048,head,30.333938448197735
445,fold_c,r075,222200038,head,29.933545625176205
445,fold_c,r075,222200049,head,30.075904252791368
445,fold_c,free,222200044,supported,27.739628812868403
445,fold_c,free,222200048,supported,33.916022324325056
445,fold_c,free,222200038,supported,33.54364725455638
445,fold_c,free,222200049,supported,31.388373596511357
445,fold_c,free,222200044,unsupported,22.602305784714538
445,fold_c,free,222200048,unsupported,30.35660553243728
445,fold_c,free,222200038,unsupported,28.415159876546014
445,fold_c,free,222200049,unsupported,28.76648049208366
445,fold_c,free,222200044,head,24.756579339847285
445,fold_c,free,222200048,head,31.408096455961495
445,fold_c,free,222200038,head,30.114070989795213
445,fold_c,free,222200049,head,29.940318498535813
475,fold_a,hard,222200042,supported,19.252703321351376
475,fold_a,hard,222200036,supported,23.495981354763842
475,fold_a,hard,222200041,supported,24.414892867507024
475,fold_a,hard,222200043,supported,23.662244813452645
475,fold_a,hard,221501007,supported,21.72072419034197
475,fold_a,hard,222200042,unsupported,17.92940650684026
475,fold_a,hard,222200036,unsupported,11.955978027775995
475,fold_a,hard,222200041,unsupported,16.2744693271294
475,fold_a,hard,222200043,unsupported,16.688858666029997
475,fold_a,hard,221501007,unsupported,15.812519730046313
475,fold_a,hard,222200042,head,18.696873368032623
475,fold_a,hard,222200036,head,15.373795056162846
475,fold_a,hard,222200041,head,19.106160110136575
475,fold_a,hard,222200043,head,19.618506902300947
475,fold_a,hard,221501007,head,18.31798744806581
475,fold_a,r075,222200042,supported,26.62404857864995
475,fold_a,r075,222200036,supported,29.194533035167794
475,fold_a,r075,222200041,supported,28.394473454892555
475,fold_a,r075,222200043,supported,28.66319523356632
475,fold_a,r075,221501007,supported,27.884386633660945
475,fold_a,r075,222200042,unsupported,25.202155705372668
475,fold_a,r075,222200036,unsupported,25.770953336300302
475,fold_a,r075,222200041,unsupported,26.404447677193495
475,fold_a,r075,222200043,unsupported,25.98436028178468
475,fold_a,r075,221501007,unsupported,27.037922677375875
475,fold_a,r075,222200042,head,25.73992823712919
475,fold_a,r075,222200036,head,26.937824284459204
475,fold_a,r075,222200041,head,27.00595821456605
475,fold_a,r075,222200043,head,27.175092023583403
475,fold_a,r075,221501007,head,27.213279200891805
475,fold_a,free,222200042,supported,26.788269854104378
475,fold_a,free,222200036,supported,28.91267397621077
475,fold_a,free,222200041,supported,26.879971382410606
475,fold_a,free,222200043,supported,28.601822525133475
475,fold_a,free,221501007,supported,28.14071901539291
475,fold_a,free,222200042,unsupported,21.97565303515757
475,fold_a,free,222200036,unsupported,27.7280644129209
475,fold_a,free,222200041,unsupported,27.24778676776554
475,fold_a,free,222200043,unsupported,26.558090948097725
475,fold_a,free,221501007,unsupported,25.02185750085775
475,fold_a,free,222200042,head,24.107066970803203
475,fold_a,free,222200036,head,27.954931594584068
475,fold_a,free,222200041,head,26.932971393094583
475,fold_a,free,222200043,head,27.475342480790435
475,fold_a,free,221501007,head,26.566911849510877
475,fold_b,hard,222200040,supported,24.310589647471907
475,fold_b,hard,220700191,supported,24.014795720707028
475,fold_b,hard,222200047,supported,25.500433358613105
475,fold_b,hard,222200045,supported,22.45399112452583
475,fold_b,hard,222200040,unsupported,20.424128453884606
475,fold_b,hard,220700191,unsupported,11.900221241575606
475,fold_b,hard,222200047,unsupported,12.017295209287175
475,fold_b,hard,222200045,unsupported,17.61196343805326
475,fold_b,hard,222200040,head,22.087192874716326
475,fold_b,hard,220700191,head,15.515172232314418
475,fold_b,hard,222200047,head,15.700769908509553
475,fold_b,hard,222200045,head,19.53456128060584
475,fold_b,r075,222200040,supported,29.29228253061499
475,fold_b,r075,220700191,supported,30.62193299257594
475,fold_b,r075,222200047,supported,28.05640566539295
475,fold_b,r075,222200045,supported,25.945044618580326
475,fold_b,r075,222200040,unsupported,26.32713776118511
475,fold_b,r075,220700191,unsupported,27.5098770786726
475,fold_b,r075,222200047,unsupported,26.58183144279257
475,fold_b,r075,222200045,unsupported,25.696261963897232
475,fold_b,r075,222200040,head,27.320483258916465
475,fold_b,r075,220700191,head,28.33407450494926
475,fold_b,r075,222200047,head,26.99740302991925
475,fold_b,r075,222200045,head,25.327787479214106
475,fold_b,free,222200040,supported,28.383645009002386
475,fold_b,free,220700191,supported,30.199208256286084
475,fold_b,free,222200047,supported,26.80312699163386
475,fold_b,free,222200045,supported,26.422667675047947
475,fold_b,free,222200040,unsupported,26.346099222977706
475,fold_b,free,220700191,unsupported,28.40632966879329
475,fold_b,free,222200047,unsupported,27.770370223675116
475,fold_b,free,222200045,unsupported,26.39234596005729
475,fold_b,free,222200040,head,27.081854308862372
475,fold_b,free,220700191,head,28.722802304443444
475,fold_b,free,222200047,head,27.094562634353835
475,fold_b,free,222200045,head,25.97837715608291
475,fold_c,hard,222200044,supported,23.414341979763638
475,fold_c,hard,222200048,supported,24.86701750898878
475,fold_c,hard,222200038,supported,23.97676900242791
475,fold_c,hard,222200049,supported,25.256426995854312
475,fold_c,hard,222200044,unsupported,18.06464338903301
475,fold_c,hard,222200048,unsupported,17.11662005308999
475,fold_c,hard,222200038,unsupported,19.14875594469835
475,fold_c,hard,222200049,unsupported,13.009006284056468
475,fold_c,hard,222200044,head,20.018746316586192
475,fold_c,hard,222200048,head,19.804273439982914
475,fold_c,hard,222200038,head,21.46001198716516
475,fold_c,hard,222200049,head,16.41713175370296
475,fold_c,r075,222200044,supported,28.081780188804146
475,fold_c,r075,222200048,supported,28.748913315767666
475,fold_c,r075,222200038,supported,27.529919471086444
475,fold_c,r075,222200049,supported,30.08751454241893
475,fold_c,r075,222200044,unsupported,23.191810859376144
475,fold_c,r075,222200048,unsupported,27.447937448038864
475,fold_c,r075,222200038,unsupported,23.12673573551738
475,fold_c,r075,222200049,unsupported,23.448885931922632
475,fold_c,r075,222200044,head,25.10917828851252
475,fold_c,r075,222200048,head,27.798723226567176
475,fold_c,r075,222200038,head,25.514913257713367
475,fold_c,r075,222200049,head,24.746633738415188
475,fold_c,free,222200044,supported,28.01097386332511
475,fold_c,free,222200048,supported,28.24457141417811
475,fold_c,free,222200038,supported,27.38556313868382
475,fold_c,free,222200049,supported,30.070092921499057
475,fold_c,free,222200044,unsupported,24.20335775538526
475,fold_c,free,222200048,unsupported,27.985601474901344
475,fold_c,free,222200038,unsupported,25.647187285396598
475,fold_c,free,222200049,unsupported,24.07792948035878
475,fold_c,free,222200044,head,25.790270801704402
475,fold_c,free,222200048,head,27.446495015540936
475,fold_c,free,222200038,head,26.64139290279519
475,fold_c,free,222200049,head,25.015826456444657
